date,sku,sales,stock_level,supplier_lead_time_days,supplier_rating,competitor_price_usd,our_price_usd
2024-01-01,Tshirt_Black_S,16,201,3,3.55,23.76,24.73
2024-01-01,Tshirt_White_M,39,108,7,4.84,17.08,17
2024-01-01,Jeans_Blue_32,35,241,5,4.4,24.12,23.88
2024-01-01,Jacket_Red_L,33,184,10,4.86,30.69,30.16
2024-01-01,Hoodie_Grey_XL,28,281,7,3.34,39.59,40.97
2024-01-02,Tshirt_Black_S,36,166,3,3.46,41.66,40.42
2024-01-02,Tshirt_White_M,36,90,10,4.91,26.61,27.03
2024-01-02,Jeans_Blue_32,32,68,5,4.55,27.52,26.44
2024-01-02,Jacket_Red_L,28,97,3,3.48,36.31,36.67
2024-01-02,Hoodie_Grey_XL,31,218,7,4.69,28.05,27.76
2024-01-03,Tshirt_Black_S,34,277,7,3.97,37.33,36.31
2024-01-03,Tshirt_White_M,38,124,3,4.52,37.64,37.24
2024-01-03,Jeans_Blue_32,30,175,3,3.74,27.11,25.94
2024-01-03,Jacket_Red_L,31,171,3,4.1,47.39,48.92
2024-01-03,Hoodie_Grey_XL,43,291,3,4.03,36.46,37.92
2024-01-04,Tshirt_Black_S,45,176,5,3.07,43.37,41.49
2024-01-04,Tshirt_White_M,31,150,10,4.91,21.37,22.02
2024-01-04,Jeans_Blue_32,42,90,3,3.52,19.57,19.83
2024-01-04,Jacket_Red_L,36,57,5,4.84,27.18,27.47
2024-01-04,Hoodie_Grey_XL,27,113,3,3.29,27.87,26.75
2024-01-05,Tshirt_Black_S,38,78,10,4.12,46.26,48.46
2024-01-05,Tshirt_White_M,32,86,5,4.86,40.21,38.71
2024-01-05,Jeans_Blue_32,37,255,5,3.01,17.21,17.33
2024-01-05,Jacket_Red_L,46,188,7,4.05,25.25,25.49
2024-01-05,Hoodie_Grey_XL,27,225,3,3.47,28.01,27.24
2024-01-06,Tshirt_Black_S,24,127,3,3.27,30.12,29.27
2024-01-06,Tshirt_White_M,24,274,3,3.76,29.5,30.5
2024-01-06,Jeans_Blue_32,39,145,3,4.32,24.84,25.83
2024-01-06,Jacket_Red_L,43,72,7,3.42,48.24,49.87
2024-01-06,Hoodie_Grey_XL,44,222,7,3.08,20.32,20.23
2024-01-07,Tshirt_Black_S,34,189,3,3.7,34.73,35
2024-01-07,Tshirt_White_M,38,185,10,4.81,40.66,39.36
2024-01-07,Jeans_Blue_32,32,71,10,4.26,27.41,28.27
2024-01-07,Jacket_Red_L,51,184,10,3.13,16.98,17.32
2024-01-07,Hoodie_Grey_XL,27,250,5,3.76,21.63,21.88
2024-01-08,Tshirt_Black_S,32,118,10,3.28,35.15,36
2024-01-08,Tshirt_White_M,32,179,7,3.26,34.16,34
2024-01-08,Jeans_Blue_32,44,273,10,3.42,32.08,31.48
2024-01-08,Jacket_Red_L,44,103,3,4.41,19.36,18.86
2024-01-08,Hoodie_Grey_XL,24,154,10,4.72,41.36,42.83
2024-01-09,Tshirt_Black_S,24,85,10,4.11,46.47,48.45
2024-01-09,Tshirt_White_M,43,282,5,4.36,29.89,29.41
2024-01-09,Jeans_Blue_32,29,150,3,3.68,42.19,41.43
2024-01-09,Jacket_Red_L,19,175,10,4.54,26.32,27.14
2024-01-09,Hoodie_Grey_XL,24,118,10,4.79,45.29,43.33
2024-01-10,Tshirt_Black_S,33,107,10,3.43,34.55,35.83
2024-01-10,Tshirt_White_M,48,181,10,4.26,35.08,35.99
2024-01-10,Jeans_Blue_32,43,138,10,3.77,23.45,23.43
2024-01-10,Jacket_Red_L,22,77,5,4.35,39.87,39.28
2024-01-10,Hoodie_Grey_XL,50,288,7,4.31,32.47,31.7
2024-01-11,Tshirt_Black_S,26,122,7,4.62,38.77,38.22
2024-01-11,Tshirt_White_M,26,297,7,3.3,25.73,24.74
2024-01-11,Jeans_Blue_32,46,92,3,3.86,38.84,40.05
2024-01-11,Jacket_Red_L,25,277,10,3.38,26.54,27.42
2024-01-11,Hoodie_Grey_XL,40,55,5,3.46,28.18,29.06
2024-01-12,Tshirt_Black_S,15,165,3,4.6,45.98,46.51
2024-01-12,Tshirt_White_M,35,226,5,4.39,19.27,19.68
2024-01-12,Jeans_Blue_32,35,207,7,3.68,26.55,26.84
2024-01-12,Jacket_Red_L,47,288,10,3.79,15.2,15.24
2024-01-12,Hoodie_Grey_XL,37,216,10,3.31,18.91,19.57
2024-01-13,Tshirt_Black_S,35,99,3,3.82,36.23,36.16
2024-01-13,Tshirt_White_M,27,122,7,3.42,15.12,14.98
2024-01-13,Jeans_Blue_32,29,135,10,4.08,20.64,19.76
2024-01-13,Jacket_Red_L,45,66,5,4.5,38.75,38.08
2024-01-13,Hoodie_Grey_XL,35,221,7,3.88,35.69,34.28
2024-01-14,Tshirt_Black_S,35,297,10,4.01,25.58,25.72
2024-01-14,Tshirt_White_M,37,142,7,4.81,38.23,39.43
2024-01-14,Jeans_Blue_32,33,117,3,4.81,41.97,41.82
2024-01-14,Jacket_Red_L,20,182,5,3.92,39.62,40.58
2024-01-14,Hoodie_Grey_XL,45,111,3,3.05,21.72,21.11
2024-01-15,Tshirt_Black_S,38,55,10,3.93,29.73,28.42
2024-01-15,Tshirt_White_M,38,226,5,4.77,19.36,18.51
2024-01-15,Jeans_Blue_32,24,259,10,4,40.49,39.84
2024-01-15,Jacket_Red_L,37,276,3,3.23,18.31,19.13
2024-01-15,Hoodie_Grey_XL,25,296,3,3.59,23.53,23.72
2024-01-16,Tshirt_Black_S,40,99,10,3.65,43.49,42.34
2024-01-16,Tshirt_White_M,28,99,7,4.01,40.04,39.4
2024-01-16,Jeans_Blue_32,36,217,10,3.72,36.13,35.02
2024-01-16,Jacket_Red_L,41,181,7,4.54,46.32,44.97
2024-01-16,Hoodie_Grey_XL,38,202,3,3.62,43.06,44.25
2024-01-17,Tshirt_Black_S,40,147,10,4.98,29.08,30.33
2024-01-17,Tshirt_White_M,49,238,7,4.73,32.86,33.54
2024-01-17,Jeans_Blue_32,37,290,3,4.43,20.8,20.72
2024-01-17,Jacket_Red_L,27,100,5,4.16,31.56,30.22
2024-01-17,Hoodie_Grey_XL,41,81,10,3.07,43.77,42
2024-01-18,Tshirt_Black_S,27,280,3,3.77,17.6,17.54
2024-01-18,Tshirt_White_M,51,262,3,4.22,18.73,19.25
2024-01-18,Jeans_Blue_32,31,289,5,3.98,15.25,14.53
2024-01-18,Jacket_Red_L,30,71,3,3.8,43.97,42.78
2024-01-18,Hoodie_Grey_XL,42,240,7,3.33,43.62,41.64
2024-01-19,Tshirt_Black_S,40,235,7,4.23,36.67,36.17
2024-01-19,Tshirt_White_M,35,289,5,4.62,39.04,39.31
2024-01-19,Jeans_Blue_32,27,158,10,3.94,27.24,26.3
2024-01-19,Jacket_Red_L,38,124,5,3.38,38.39,39.32
2024-01-19,Hoodie_Grey_XL,19,233,3,4.31,49.56,47.8
2024-01-20,Tshirt_Black_S,26,174,5,3.06,15.4,15.64
2024-01-20,Tshirt_White_M,39,78,5,3.17,32.48,32.72
2024-01-20,Jeans_Blue_32,18,93,10,3.79,22.02,21.11
2024-01-20,Jacket_Red_L,41,290,10,3.59,16.6,16.3
2024-01-20,Hoodie_Grey_XL,34,90,7,3.63,34.46,34.63
2024-01-21,Tshirt_Black_S,25,139,10,4.45,31.92,33.51
2024-01-21,Tshirt_White_M,36,191,3,4.99,28.24,28.54
2024-01-21,Jeans_Blue_32,24,217,7,4.02,18.35,18.51
2024-01-21,Jacket_Red_L,36,124,7,3.82,23.33,22.22
2024-01-21,Hoodie_Grey_XL,34,154,5,3.48,36.25,35.02
2024-01-22,Tshirt_Black_S,42,224,3,3.05,47.09,45.85
2024-01-22,Tshirt_White_M,48,103,3,4.94,19.66,20.64
2024-01-22,Jeans_Blue_32,40,279,3,3.89,40.39,39.38
2024-01-22,Jacket_Red_L,37,265,10,3.25,18.33,19.17
2024-01-22,Hoodie_Grey_XL,23,109,3,4.24,33.45,34.04
2024-01-23,Tshirt_Black_S,35,190,10,4.6,29.24,28.62
2024-01-23,Tshirt_White_M,17,267,5,4.7,37.04,38.73
2024-01-23,Jeans_Blue_32,43,211,10,3.81,30.08,30.93
2024-01-23,Jacket_Red_L,24,238,10,3.57,32.52,32.34
2024-01-23,Hoodie_Grey_XL,40,127,10,3.98,40.11,40.53
2024-01-24,Tshirt_Black_S,49,298,7,4.11,24.78,24.98
2024-01-24,Tshirt_White_M,41,294,3,4.55,48.26,46.96
2024-01-24,Jeans_Blue_32,18,299,3,4.15,32.32,33.3
2024-01-24,Jacket_Red_L,34,293,3,4.18,35.62,36.57
2024-01-24,Hoodie_Grey_XL,19,284,5,4.5,45.74,47.89
2024-01-25,Tshirt_Black_S,58,247,7,4.9,33.4,33.34
2024-01-25,Tshirt_White_M,34,178,5,3.88,31.3,32.58
2024-01-25,Jeans_Blue_32,43,150,5,3.76,15.11,15.66
2024-01-25,Jacket_Red_L,28,74,7,3.16,26.16,27.46
2024-01-25,Hoodie_Grey_XL,25,291,3,3.63,37.91,38.41
2024-01-26,Tshirt_Black_S,30,204,5,3.41,21.02,21.59
2024-01-26,Tshirt_White_M,36,130,7,3.91,31.66,31.71
2024-01-26,Jeans_Blue_32,30,298,10,4.66,15.89,15.32
2024-01-26,Jacket_Red_L,44,126,5,3.38,26.04,26.01
2024-01-26,Hoodie_Grey_XL,20,206,10,3.31,17.27,16.74
2024-01-27,Tshirt_Black_S,30,93,3,4.85,40.97,41.5
2024-01-27,Tshirt_White_M,51,226,3,3.64,23.99,23.7
2024-01-27,Jeans_Blue_32,26,222,7,3.57,39.24,41.13
2024-01-27,Jacket_Red_L,33,99,7,3.75,46.51,44.19
2024-01-27,Hoodie_Grey_XL,38,176,7,4.87,47.83,46.45
2024-01-28,Tshirt_Black_S,26,157,7,3.41,33.49,34.18
2024-01-28,Tshirt_White_M,19,224,3,4.66,47.24,45.66
2024-01-28,Jeans_Blue_32,26,94,7,4.51,37.54,36.96
2024-01-28,Jacket_Red_L,46,221,3,3.03,34.15,32.49
2024-01-28,Hoodie_Grey_XL,37,97,5,3.12,18.67,18.33
2024-01-29,Tshirt_Black_S,22,67,5,3.02,20,19.23
2024-01-29,Tshirt_White_M,23,121,10,4.83,42.12,44.21
2024-01-29,Jeans_Blue_32,46,206,3,3.76,34.27,35.42
2024-01-29,Jacket_Red_L,31,219,5,3.91,49.45,50.19
2024-01-29,Hoodie_Grey_XL,36,108,7,3.68,24.43,23.26
2024-01-30,Tshirt_Black_S,28,230,7,4.39,18.39,17.83
2024-01-30,Tshirt_White_M,33,232,10,3.3,19.35,19.97
2024-01-30,Jeans_Blue_32,41,296,3,4.68,42.69,42.16
2024-01-30,Jacket_Red_L,41,177,5,4.33,30.99,31.35
2024-01-30,Hoodie_Grey_XL,29,291,3,3.25,36.04,35.21
2024-01-31,Tshirt_Black_S,33,187,3,4.87,26.02,26.57
2024-01-31,Tshirt_White_M,29,237,10,3.34,19.25,19.51
2024-01-31,Jeans_Blue_32,48,126,10,4.99,27.46,26.41
2024-01-31,Jacket_Red_L,29,239,7,4.97,34.14,34.47
2024-01-31,Hoodie_Grey_XL,39,288,10,3.66,23.38,23.46
2024-02-01,Tshirt_Black_S,18,97,3,3.69,28.76,27.45
2024-02-01,Tshirt_White_M,11,251,3,4.51,19.24,19.67
2024-02-01,Jeans_Blue_32,8,130,10,4.08,39.54,41.07
2024-02-01,Jacket_Red_L,12,160,3,4.39,35.73,36.68
2024-02-01,Hoodie_Grey_XL,12,238,7,4.5,46.26,46.99
2024-02-02,Tshirt_Black_S,14,60,10,3.28,39.2,40.11
2024-02-02,Tshirt_White_M,14,108,10,3.74,46.59,46.83
2024-02-02,Jeans_Blue_32,18,268,5,4.3,23.74,22.78
2024-02-02,Jacket_Red_L,18,142,5,3.57,24.95,24.13
2024-02-02,Hoodie_Grey_XL,17,245,5,4.13,23.66,24.67
2024-02-03,Tshirt_Black_S,11,193,3,4,49.47,48.45
2024-02-03,Tshirt_White_M,13,189,5,3.69,37.86,37.77
2024-02-03,Jeans_Blue_32,20,246,10,4.35,35.29,36.99
2024-02-03,Jacket_Red_L,15,215,10,3.67,24.02,23.42
2024-02-03,Hoodie_Grey_XL,25,148,5,3.08,43.1,41.59
2024-02-04,Tshirt_Black_S,12,232,3,4.3,43.37,44.34
2024-02-04,Tshirt_White_M,18,93,10,4.4,46.77,46.52
2024-02-04,Jeans_Blue_32,16,191,10,3.29,25.46,26.51
2024-02-04,Jacket_Red_L,15,172,5,3.28,31.74,30.67
2024-02-04,Hoodie_Grey_XL,14,69,5,3.22,43.81,45.67
2024-02-05,Tshirt_Black_S,10,132,7,4.14,39.55,39.32
2024-02-05,Tshirt_White_M,14,68,7,4.16,39.4,38.09
2024-02-05,Jeans_Blue_32,10,95,5,3.97,25.34,25.08
2024-02-05,Jacket_Red_L,18,68,10,4.59,23.74,23.19
2024-02-05,Hoodie_Grey_XL,10,203,5,4.69,40.43,41.33
2024-02-06,Tshirt_Black_S,14,185,7,3.51,24.25,24.96
2024-02-06,Tshirt_White_M,17,208,7,4.51,49.91,49.12
2024-02-06,Jeans_Blue_32,15,80,7,4.12,45.59,46.01
2024-02-06,Jacket_Red_L,11,291,10,3.18,42.47,43.93
2024-02-06,Hoodie_Grey_XL,18,77,5,3.17,38.55,39.69
2024-02-07,Tshirt_Black_S,10,80,3,3.7,30.38,31.75
2024-02-07,Tshirt_White_M,16,218,3,3.89,30.22,31.58
2024-02-07,Jeans_Blue_32,13,284,5,4.23,17.81,18.1
2024-02-07,Jacket_Red_L,9,263,3,3.75,16.18,16.41
2024-02-07,Hoodie_Grey_XL,15,101,3,3.59,16.4,16.86
2024-02-08,Tshirt_Black_S,17,71,5,3.34,26.82,27.46
2024-02-08,Tshirt_White_M,12,299,7,3.88,37.96,37.64
2024-02-08,Jeans_Blue_32,20,196,10,3.33,47.35,45.97
2024-02-08,Jacket_Red_L,14,162,10,3.47,22.29,21.75
2024-02-08,Hoodie_Grey_XL,12,162,10,4.33,37.46,37.89
2024-02-09,Tshirt_Black_S,14,268,5,4.16,42.02,42.06
2024-02-09,Tshirt_White_M,16,181,3,4.16,39.27,39.91
2024-02-09,Jeans_Blue_32,6,77,5,4.27,28.35,29.71
2024-02-09,Jacket_Red_L,8,276,10,3.16,33.83,35.1
2024-02-09,Hoodie_Grey_XL,12,174,5,4.25,44.79,45.33
2024-02-10,Tshirt_Black_S,9,254,5,3.5,35.52,33.87
2024-02-10,Tshirt_White_M,17,203,7,3.46,15.75,15.92
2024-02-10,Jeans_Blue_32,17,168,3,3.05,33.56,33.63
2024-02-10,Jacket_Red_L,16,285,10,4.19,25.02,25.87
2024-02-10,Hoodie_Grey_XL,11,70,10,4.74,37.21,36.56
2024-02-11,Tshirt_Black_S,11,227,3,3.36,46.2,46.7
2024-02-11,Tshirt_White_M,16,182,7,3.42,19.87,20.12
2024-02-11,Jeans_Blue_32,20,191,3,4.85,24.07,24.7
2024-02-11,Jacket_Red_L,20,192,7,3.4,36.62,35.29
2024-02-11,Hoodie_Grey_XL,19,120,10,3.96,46.29,44.36
2024-02-12,Tshirt_Black_S,21,137,10,3.16,34.62,33.13
2024-02-12,Tshirt_White_M,19,126,3,3.34,45.11,44.16
2024-02-12,Jeans_Blue_32,13,92,10,4.13,49.13,47.29
2024-02-12,Jacket_Red_L,13,66,10,4.27,32.92,33.68
2024-02-12,Hoodie_Grey_XL,8,56,7,4.43,38.25,37.83
2024-02-13,Tshirt_Black_S,14,78,5,3.21,44.26,44.93
2024-02-13,Tshirt_White_M,20,153,5,3.34,27.88,26.53
2024-02-13,Jeans_Blue_32,14,58,7,4.31,37.8,35.95
2024-02-13,Jacket_Red_L,17,90,7,4.22,29.5,29.54
2024-02-13,Hoodie_Grey_XL,12,139,7,4.15,42.05,43.44
2024-02-14,Tshirt_Black_S,15,146,7,4.97,24.71,25.09
2024-02-14,Tshirt_White_M,15,135,5,3.26,27.73,28.75
2024-02-14,Jeans_Blue_32,4,269,3,4.13,48.6,48.81
2024-02-14,Jacket_Red_L,11,259,10,4.64,25.13,24.58
2024-02-14,Hoodie_Grey_XL,19,152,5,4.49,40,39.1
2024-02-15,Tshirt_Black_S,7,81,3,3.96,38.23,36.56
2024-02-15,Tshirt_White_M,15,111,10,3.23,39.29,37.82
2024-02-15,Jeans_Blue_32,19,172,3,3.43,21.15,21.07
2024-02-15,Jacket_Red_L,9,92,5,3.49,30.22,29.9
2024-02-15,Hoodie_Grey_XL,20,270,5,4.35,18.35,19.23
2024-02-16,Tshirt_Black_S,21,106,7,4.44,20.84,20.15
2024-02-16,Tshirt_White_M,9,133,10,3.05,31.16,30.65
2024-02-16,Jeans_Blue_32,12,138,3,4.11,42.77,41.06
2024-02-16,Jacket_Red_L,16,205,3,4.54,18.95,18.56
2024-02-16,Hoodie_Grey_XL,23,214,10,3.46,20.75,20.1
2024-02-17,Tshirt_Black_S,14,224,7,3.41,20.32,20.33
2024-02-17,Tshirt_White_M,19,80,5,3.07,37.88,39.25
2024-02-17,Jeans_Blue_32,17,247,3,4.63,42.37,41.49
2024-02-17,Jacket_Red_L,12,77,7,3.67,44.51,43.94
2024-02-17,Hoodie_Grey_XL,8,184,3,4.07,39.52,37.99
2024-02-18,Tshirt_Black_S,11,148,3,3.28,28.54,27.53
2024-02-18,Tshirt_White_M,14,137,3,4.47,20.81,21.23
2024-02-18,Jeans_Blue_32,24,154,10,3.73,39.48,40.3
2024-02-18,Jacket_Red_L,18,156,10,3.03,45.58,45.78
2024-02-18,Hoodie_Grey_XL,12,99,3,4.34,23.18,23.03
2024-02-19,Tshirt_Black_S,17,137,5,3.18,17.13,17.61
2024-02-19,Tshirt_White_M,12,119,7,4.63,20.07,20.93
2024-02-19,Jeans_Blue_32,20,274,5,4.96,44.95,46.67
2024-02-19,Jacket_Red_L,13,71,3,3.94,15.54,15.39
2024-02-19,Hoodie_Grey_XL,12,214,10,3.67,25.66,26.84
2024-02-20,Tshirt_Black_S,17,64,5,4.44,17.41,16.72
2024-02-20,Tshirt_White_M,9,162,5,4.66,28.71,29.38
2024-02-20,Jeans_Blue_32,15,131,5,4.27,17.51,18.35
2024-02-20,Jacket_Red_L,12,200,7,3.7,18.06,17.89
2024-02-20,Hoodie_Grey_XL,17,93,7,3.23,48.94,46.67
2024-02-21,Tshirt_Black_S,18,229,5,4.51,41.9,42.07
2024-02-21,Tshirt_White_M,13,107,5,4.71,26.56,27.69
2024-02-21,Jeans_Blue_32,16,111,3,3.47,25.21,24.2
2024-02-21,Jacket_Red_L,18,289,7,3.91,22.22,22.76
2024-02-21,Hoodie_Grey_XL,8,165,5,3.24,49.41,48.82
2024-02-22,Tshirt_Black_S,13,198,5,4.29,46.02,46.64
2024-02-22,Tshirt_White_M,18,137,5,3.89,49.85,47.91
2024-02-22,Jeans_Blue_32,19,183,7,3.19,39.71,41.65
2024-02-22,Jacket_Red_L,19,105,3,4.45,49.35,48.44
2024-02-22,Hoodie_Grey_XL,19,120,10,4.51,20.82,20.42
2024-02-23,Tshirt_Black_S,11,232,3,4.18,29.72,31.12
2024-02-23,Tshirt_White_M,20,60,5,4.6,29.59,30.89
2024-02-23,Jeans_Blue_32,16,298,10,4.05,36.95,37.01
2024-02-23,Jacket_Red_L,7,95,10,3.53,32.5,34.03
2024-02-23,Hoodie_Grey_XL,3,258,5,4.57,27.87,28.94
2024-02-24,Tshirt_Black_S,18,111,10,3.71,33.1,32.02
2024-02-24,Tshirt_White_M,15,139,5,4.98,24.78,23.79
2024-02-24,Jeans_Blue_32,25,250,3,4.45,32.52,31.52
2024-02-24,Jacket_Red_L,15,229,5,3.1,45.35,44.74
2024-02-24,Hoodie_Grey_XL,13,224,5,4.57,48.74,50.94
2024-02-25,Tshirt_Black_S,14,68,5,4.8,47.88,46.06
2024-02-25,Tshirt_White_M,13,151,7,4.89,29.39,27.99
2024-02-25,Jeans_Blue_32,11,300,5,4.53,37.79,37.02
2024-02-25,Jacket_Red_L,14,215,10,3.42,19.23,19.51
2024-02-25,Hoodie_Grey_XL,12,230,10,3.07,49.13,50.33
2024-02-26,Tshirt_Black_S,20,156,3,4.82,19.01,19.23
2024-02-26,Tshirt_White_M,23,203,3,3.71,20.91,21.92
2024-02-26,Jeans_Blue_32,14,177,10,4.58,21,20.8
2024-02-26,Jacket_Red_L,22,117,3,4.04,17.36,17.32
2024-02-26,Hoodie_Grey_XL,8,194,3,3.46,34.38,35.18
2024-02-27,Tshirt_Black_S,17,196,10,3.38,44.76,46.76
2024-02-27,Tshirt_White_M,15,66,5,3.44,19.94,19.48
2024-02-27,Jeans_Blue_32,16,56,10,3.95,37.77,38.13
2024-02-27,Jacket_Red_L,17,187,10,4.84,40.74,39.04
2024-02-27,Hoodie_Grey_XL,15,102,5,4.28,33.16,33.42
2024-02-28,Tshirt_Black_S,8,186,7,4.78,24.92,24.73
2024-02-28,Tshirt_White_M,16,52,3,4.13,20.5,20.78
2024-02-28,Jeans_Blue_32,17,67,5,4.87,29.91,28.46
2024-02-28,Jacket_Red_L,15,220,3,4.1,45.73,46.93
2024-02-28,Hoodie_Grey_XL,14,213,5,3.75,29.95,30.57
2024-02-29,Tshirt_Black_S,18,106,3,3.59,21.17,21.21
2024-02-29,Tshirt_White_M,16,145,10,3.39,36.5,36.35
2024-02-29,Jeans_Blue_32,14,88,10,4.95,37.06,38.89
2024-02-29,Jacket_Red_L,17,170,10,4.97,31.66,32.8
2024-02-29,Hoodie_Grey_XL,10,240,10,4.19,48.02,49.39
2024-03-01,Tshirt_Black_S,12,283,5,4.95,44.24,44.86
2024-03-01,Tshirt_White_M,14,175,5,3.57,42.97,44.03
2024-03-01,Jeans_Blue_32,15,269,3,3.88,31.19,30.45
2024-03-01,Jacket_Red_L,16,228,3,3.48,46.56,45.64
2024-03-01,Hoodie_Grey_XL,16,146,5,3.48,16.41,16.84
2024-03-02,Tshirt_Black_S,11,168,10,4.14,23.82,23.9
2024-03-02,Tshirt_White_M,19,251,5,3.33,49.12,50.61
2024-03-02,Jeans_Blue_32,22,68,3,4.56,33.84,32.6
2024-03-02,Jacket_Red_L,15,243,10,3.54,41.12,42.7
2024-03-02,Hoodie_Grey_XL,15,213,3,3.04,45.45,47.63
2024-03-03,Tshirt_Black_S,17,169,10,4.5,34.9,34.92
2024-03-03,Tshirt_White_M,18,50,5,4.7,29.89,30.04
2024-03-03,Jeans_Blue_32,18,104,3,3.38,44.8,43.98
2024-03-03,Jacket_Red_L,19,92,7,4,20.19,19.99
2024-03-03,Hoodie_Grey_XL,15,275,5,3.98,34.33,33.76
2024-03-04,Tshirt_Black_S,17,200,5,4.04,26.84,26.62
2024-03-04,Tshirt_White_M,8,240,10,4.79,33.23,32.22
2024-03-04,Jeans_Blue_32,15,239,5,4.99,36.11,36.05
2024-03-04,Jacket_Red_L,23,137,5,3.65,43.56,43.51
2024-03-04,Hoodie_Grey_XL,10,95,10,3.37,43.74,43.03
2024-03-05,Tshirt_Black_S,8,286,7,3.78,43.43,41.88
2024-03-05,Tshirt_White_M,14,64,7,4.85,38.51,36.8
2024-03-05,Jeans_Blue_32,15,74,7,3.71,45.47,43.96
2024-03-05,Jacket_Red_L,17,145,10,3.43,35.35,35.67
2024-03-05,Hoodie_Grey_XL,17,145,3,3.85,21.73,20.71
2024-03-06,Tshirt_Black_S,14,239,5,4.3,34.44,35.53
2024-03-06,Tshirt_White_M,9,102,5,3.93,27.3,28.3
2024-03-06,Jeans_Blue_32,17,183,10,4.88,36.29,34.84
2024-03-06,Jacket_Red_L,14,155,5,4.99,23.25,22.55
2024-03-06,Hoodie_Grey_XL,18,294,7,3.41,40,38.2
2024-03-07,Tshirt_Black_S,16,124,7,3.97,23.27,22.81
2024-03-07,Tshirt_White_M,6,292,7,3.03,36.14,37.6
2024-03-07,Jeans_Blue_32,19,117,10,4.24,28.62,29.97
2024-03-07,Jacket_Red_L,1,94,10,3.07,22.72,23.04
2024-03-07,Hoodie_Grey_XL,11,126,5,4.8,23.71,23.87
2024-03-08,Tshirt_Black_S,17,71,7,3.43,47.65,45.8
2024-03-08,Tshirt_White_M,13,206,7,3.83,30.98,31.93
2024-03-08,Jeans_Blue_32,17,267,3,4.98,44.8,43.26
2024-03-08,Jacket_Red_L,13,216,10,3.02,37.87,36.23
2024-03-08,Hoodie_Grey_XL,12,203,5,4.61,40.93,42.67
2024-03-09,Tshirt_Black_S,13,151,5,3.32,18.13,18.25
2024-03-09,Tshirt_White_M,20,260,3,4.03,45.5,43.56
2024-03-09,Jeans_Blue_32,11,264,10,4.47,22.82,22.66
2024-03-09,Jacket_Red_L,16,153,7,4.45,17.7,17.87
2024-03-09,Hoodie_Grey_XL,18,149,3,3.07,25.07,25.64
2024-03-10,Tshirt_Black_S,17,109,7,3.86,23.36,22.3
2024-03-10,Tshirt_White_M,12,287,7,3.34,40.77,40.96
2024-03-10,Jeans_Blue_32,15,193,7,4.7,44.95,45.67
2024-03-10,Jacket_Red_L,14,139,10,4.09,37.78,38.1
2024-03-10,Hoodie_Grey_XL,13,84,10,3.62,31.41,32.6
2024-03-11,Tshirt_Black_S,7,190,10,3.66,16.07,16.64
2024-03-11,Tshirt_White_M,18,192,7,3.92,30.75,30.15
2024-03-11,Jeans_Blue_32,16,107,7,3.12,24.97,24.64
2024-03-11,Jacket_Red_L,20,146,3,4.98,22.4,21.49
2024-03-11,Hoodie_Grey_XL,7,65,3,4.79,26.7,25.9
2024-03-12,Tshirt_Black_S,17,110,7,3.53,19.81,20.5
2024-03-12,Tshirt_White_M,16,129,10,4.64,45.27,46.59
2024-03-12,Jeans_Blue_32,17,198,5,4.61,32.25,32.84
2024-03-12,Jacket_Red_L,15,165,7,3.05,24.88,23.86
2024-03-12,Hoodie_Grey_XL,16,151,5,3.95,46.64,44.77
2024-03-13,Tshirt_Black_S,11,170,10,3.43,28.97,29.53
2024-03-13,Tshirt_White_M,16,222,7,3.17,41.99,39.98
2024-03-13,Jeans_Blue_32,8,262,7,3.63,28.99,29.36
2024-03-13,Jacket_Red_L,15,166,3,3.83,22.05,21.83
2024-03-13,Hoodie_Grey_XL,13,264,10,3.96,49.19,50.02
2024-03-14,Tshirt_Black_S,5,290,5,3.16,26.61,25.6
2024-03-14,Tshirt_White_M,14,98,5,4.93,16.41,16.1
2024-03-14,Jeans_Blue_32,16,289,7,3.7,35.01,34.77
2024-03-14,Jacket_Red_L,12,88,10,4.84,15.89,16.54
2024-03-14,Hoodie_Grey_XL,19,95,5,3.24,18.85,18.88
2024-03-15,Tshirt_Black_S,18,258,7,4.01,29.96,30.84
2024-03-15,Tshirt_White_M,21,291,7,4.93,19.95,19.76
2024-03-15,Jeans_Blue_32,10,282,3,4,39.99,40.59
2024-03-15,Jacket_Red_L,17,272,10,4.62,15.88,15.66
2024-03-15,Hoodie_Grey_XL,17,127,5,3.45,41.82,41.47
2024-03-16,Tshirt_Black_S,16,145,5,3.26,19.76,19.51
2024-03-16,Tshirt_White_M,11,177,10,4.39,39.7,39.69
2024-03-16,Jeans_Blue_32,13,78,7,3.43,42.99,42.33
2024-03-16,Jacket_Red_L,6,204,5,4.02,44.5,42.93
2024-03-16,Hoodie_Grey_XL,13,291,5,4.19,15.56,15.78
2024-03-17,Tshirt_Black_S,9,257,3,3.99,48.93,47.35
2024-03-17,Tshirt_White_M,12,183,5,3.28,22.29,22.92
2024-03-17,Jeans_Blue_32,16,180,10,4.71,25.85,25.41
2024-03-17,Jacket_Red_L,14,93,3,4.11,35.18,35.03
2024-03-17,Hoodie_Grey_XL,7,55,7,3.21,19.81,20.46
2024-03-18,Tshirt_Black_S,14,122,7,4.08,20.86,20.86
2024-03-18,Tshirt_White_M,14,298,10,3.39,17.71,17.74
2024-03-18,Jeans_Blue_32,21,286,3,3.68,19.09,18.37
2024-03-18,Jacket_Red_L,10,122,5,4.61,37.13,38.96
2024-03-18,Hoodie_Grey_XL,24,279,7,4.62,41.48,43.55
2024-03-19,Tshirt_Black_S,14,286,5,3.1,35.55,35.5
2024-03-19,Tshirt_White_M,11,254,5,4.54,38.44,39.4
2024-03-19,Jeans_Blue_32,10,154,5,3.49,32.84,31.21
2024-03-19,Jacket_Red_L,18,241,7,4.78,23.64,23.69
2024-03-19,Hoodie_Grey_XL,6,62,7,3.3,18.75,17.83
2024-03-20,Tshirt_Black_S,14,211,3,3.34,31.12,32.1
2024-03-20,Tshirt_White_M,19,90,10,4.51,28.65,28.82
2024-03-20,Jeans_Blue_32,11,100,7,4.68,21.44,20.46
2024-03-20,Jacket_Red_L,21,124,5,4.08,18.59,17.72
2024-03-20,Hoodie_Grey_XL,12,111,3,4.38,29.93,29.49
2024-03-21,Tshirt_Black_S,14,92,3,3.19,17.89,17.78
2024-03-21,Tshirt_White_M,9,139,7,3.25,46.53,47.81
2024-03-21,Jeans_Blue_32,13,230,3,3.85,43.73,45.54
2024-03-21,Jacket_Red_L,17,139,7,3.11,28.73,28.78
2024-03-21,Hoodie_Grey_XL,11,110,3,3.25,15.67,15.88
2024-03-22,Tshirt_Black_S,17,292,7,4.41,45.78,45.05
2024-03-22,Tshirt_White_M,16,128,3,4.84,46.55,46.66
2024-03-22,Jeans_Blue_32,18,99,5,3.18,39.92,41.88
2024-03-22,Jacket_Red_L,14,188,7,4.97,21.15,22.15
2024-03-22,Hoodie_Grey_XL,19,103,7,3.7,45.01,44.05
2024-03-23,Tshirt_Black_S,11,98,3,4.48,44.83,44.11
2024-03-23,Tshirt_White_M,17,101,5,3.38,43.04,44.38
2024-03-23,Jeans_Blue_32,13,139,7,3.03,32.8,31.34
2024-03-23,Jacket_Red_L,15,164,5,4.52,32.01,33.36
2024-03-23,Hoodie_Grey_XL,15,91,7,4.51,44.57,43.76
2024-03-24,Tshirt_Black_S,12,185,7,4.56,35.05,33.85
2024-03-24,Tshirt_White_M,13,225,10,3.5,39.8,40.2
2024-03-24,Jeans_Blue_32,13,236,5,3.72,43.29,43.98
2024-03-24,Jacket_Red_L,22,239,3,4.38,16.34,16.56
2024-03-24,Hoodie_Grey_XL,15,75,3,3.87,22.81,23.59
2024-03-25,Tshirt_Black_S,20,125,7,4.99,45.14,46.07
2024-03-25,Tshirt_White_M,12,215,5,4.95,33.57,33.64
2024-03-25,Jeans_Blue_32,7,200,7,4.23,33.74,34.03
2024-03-25,Jacket_Red_L,15,243,3,4.42,31.58,32.09
2024-03-25,Hoodie_Grey_XL,15,127,7,3.72,23,24.11
2024-03-26,Tshirt_Black_S,16,257,7,4.48,46.93,48.19
2024-03-26,Tshirt_White_M,17,280,7,4.24,46.98,48.79
2024-03-26,Jeans_Blue_32,21,184,5,4.58,16.66,15.99
2024-03-26,Jacket_Red_L,20,71,5,4.35,38.31,37.06
2024-03-26,Hoodie_Grey_XL,10,180,5,3.83,47.28,46.19
2024-03-27,Tshirt_Black_S,9,75,5,3.34,18.4,18.43
2024-03-27,Tshirt_White_M,21,90,7,4.94,31.53,31.76
2024-03-27,Jeans_Blue_32,15,67,7,3,33.82,32.98
2024-03-27,Jacket_Red_L,19,135,3,4.43,47.69,49.56
2024-03-27,Hoodie_Grey_XL,12,72,7,3.49,29.92,29.82
2024-03-28,Tshirt_Black_S,17,196,10,3.08,40.91,39.24
2024-03-28,Tshirt_White_M,11,160,10,4.14,42.45,42.6
2024-03-28,Jeans_Blue_32,5,221,7,3.12,45.69,47.64
2024-03-28,Jacket_Red_L,20,234,10,4.27,44.68,42.59
2024-03-28,Hoodie_Grey_XL,9,296,7,3.07,39.45,38.61
2024-03-29,Tshirt_Black_S,9,275,5,4.19,24.45,23.69
2024-03-29,Tshirt_White_M,13,260,3,4,20.65,20.11
2024-03-29,Jeans_Blue_32,14,270,10,3.83,20.5,20.28
2024-03-29,Jacket_Red_L,15,132,7,3.72,26.8,26.69
2024-03-29,Hoodie_Grey_XL,15,124,10,4.87,17.7,18.52
2024-03-30,Tshirt_Black_S,10,189,5,3.25,32.99,32.25
2024-03-30,Tshirt_White_M,10,117,5,4.65,44.01,46.01
2024-03-30,Jeans_Blue_32,21,94,3,4.68,17.06,16.77
2024-03-30,Jacket_Red_L,16,106,10,4.2,26,26.11
2024-03-30,Hoodie_Grey_XL,10,276,3,3.97,38,38.96
2024-03-31,Tshirt_Black_S,9,281,3,3.43,48.66,46.56
2024-03-31,Tshirt_White_M,14,176,10,3.64,33.19,34.05
2024-03-31,Jeans_Blue_32,9,83,3,4.36,20.35,19.8
2024-03-31,Jacket_Red_L,13,69,10,4.23,38.17,36.4
2024-03-31,Hoodie_Grey_XL,17,192,3,3.88,37.31,36.48
2024-04-01,Tshirt_Black_S,17,91,10,4.43,42.36,42
2024-04-01,Tshirt_White_M,25,211,3,3.62,17.8,17.47
2024-04-01,Jeans_Blue_32,18,221,10,4.88,42.12,42.11
2024-04-01,Jacket_Red_L,22,123,7,4.23,17.9,18.45
2024-04-01,Hoodie_Grey_XL,18,299,3,4.07,36.54,34.77
2024-04-02,Tshirt_Black_S,6,271,10,3.38,15.12,14.76
2024-04-02,Tshirt_White_M,21,58,3,4.15,44.36,43.06
2024-04-02,Jeans_Blue_32,9,60,3,3.86,30.15,30.75
2024-04-02,Jacket_Red_L,15,101,7,4.54,38.61,39.71
2024-04-02,Hoodie_Grey_XL,7,241,7,4.37,40.17,40.54
2024-04-03,Tshirt_Black_S,18,181,10,4.36,35.44,36.61
2024-04-03,Tshirt_White_M,21,97,7,3.21,43.08,42.21
2024-04-03,Jeans_Blue_32,20,150,10,3.9,34.76,35.36
2024-04-03,Jacket_Red_L,11,76,3,4.01,15.54,14.82
2024-04-03,Hoodie_Grey_XL,15,273,7,3.1,34.83,36.21
2024-04-04,Tshirt_Black_S,18,293,10,3.46,46.78,48.05
2024-04-04,Tshirt_White_M,22,151,5,4.06,42.6,44.39
2024-04-04,Jeans_Blue_32,21,138,5,3.23,25.3,25.32
2024-04-04,Jacket_Red_L,13,204,5,4.09,15.5,15.6
2024-04-04,Hoodie_Grey_XL,26,62,10,4.95,45.54,44.08
2024-04-05,Tshirt_Black_S,11,222,3,3.71,37.65,36.43
2024-04-05,Tshirt_White_M,22,55,3,3.35,23.55,23.42
2024-04-05,Jeans_Blue_32,14,149,7,3.19,33.28,34.84
2024-04-05,Jacket_Red_L,20,195,5,4.2,45.84,44.36
2024-04-05,Hoodie_Grey_XL,15,223,5,4.08,45.18,44.73
2024-04-06,Tshirt_Black_S,35,109,5,4.56,34.83,33.67
2024-04-06,Tshirt_White_M,20,161,5,3.22,49.01,51.02
2024-04-06,Jeans_Blue_32,26,285,7,4.39,28.99,28.88
2024-04-06,Jacket_Red_L,28,175,5,4.43,17.74,18.51
2024-04-06,Hoodie_Grey_XL,16,102,5,4.67,28.38,27.19
2024-04-07,Tshirt_Black_S,17,154,7,4.98,29.88,30.66
2024-04-07,Tshirt_White_M,27,151,3,3.59,18.52,17.78
2024-04-07,Jeans_Blue_32,21,114,10,4.75,30.8,31.73
2024-04-07,Jacket_Red_L,13,52,3,3.96,26.09,25.82
2024-04-07,Hoodie_Grey_XL,10,143,10,3.79,16.1,16.51
2024-04-08,Tshirt_Black_S,21,78,3,3.19,41.46,42.56
2024-04-08,Tshirt_White_M,14,153,7,3.01,15.55,15.47
2024-04-08,Jeans_Blue_32,23,128,7,4.02,23.26,23.5
2024-04-08,Jacket_Red_L,18,114,10,3.19,36.65,35.66
2024-04-08,Hoodie_Grey_XL,27,110,3,3.65,25.2,24.09
2024-04-09,Tshirt_Black_S,15,129,5,3.71,35.68,36.22
2024-04-09,Tshirt_White_M,13,237,5,3.22,32.92,32.52
2024-04-09,Jeans_Blue_32,18,98,5,3.6,20.6,21.37
2024-04-09,Jacket_Red_L,23,211,10,3.95,34.33,33.13
2024-04-09,Hoodie_Grey_XL,21,234,3,3.98,26.27,27.41
2024-04-10,Tshirt_Black_S,38,74,3,4.42,28.78,30.1
2024-04-10,Tshirt_White_M,56,135,3,4.3,18.54,18.03
2024-04-10,Jeans_Blue_32,33,67,5,4.16,46.42,47.01
2024-04-10,Jacket_Red_L,28,172,7,4.18,41.92,41.83
2024-04-10,Hoodie_Grey_XL,39,52,10,3.82,16.91,17.12
2024-04-11,Tshirt_Black_S,25,206,5,3.94,41.09,41.32
2024-04-11,Tshirt_White_M,42,300,10,4.59,16.41,17.14
2024-04-11,Jeans_Blue_32,39,121,7,3.54,26.73,28.02
2024-04-11,Jacket_Red_L,36,181,5,4.56,26.53,25.99
2024-04-11,Hoodie_Grey_XL,23,122,5,4.15,22.58,21.46
2024-04-12,Tshirt_Black_S,30,97,10,4.59,16.94,17.14
2024-04-12,Tshirt_White_M,44,141,3,4.79,23.72,22.63
2024-04-12,Jeans_Blue_32,42,295,7,3.81,27.15,25.98
2024-04-12,Jacket_Red_L,35,100,3,4.76,28.13,28.25
2024-04-12,Hoodie_Grey_XL,38,180,10,4.13,36.23,36.81
2024-04-13,Tshirt_Black_S,23,149,3,4.97,46.91,46.97
2024-04-13,Tshirt_White_M,33,102,3,4.34,23.08,22.54
2024-04-13,Jeans_Blue_32,36,103,7,4.46,37.52,35.67
2024-04-13,Jacket_Red_L,19,235,7,4.91,16.49,15.97
2024-04-13,Hoodie_Grey_XL,41,83,5,3.44,27.89,28.77
2024-04-14,Tshirt_Black_S,20,151,10,3.97,18.04,17.41
2024-04-14,Tshirt_White_M,28,90,3,3.61,18.28,17.56
2024-04-14,Jeans_Blue_32,44,87,3,3.51,34.05,33.27
2024-04-14,Jacket_Red_L,29,193,10,3.7,37.84,38.86
2024-04-14,Hoodie_Grey_XL,36,58,5,4.32,46.13,47.3
2024-04-15,Tshirt_Black_S,56,119,7,4.16,40.56,42.14
2024-04-15,Tshirt_White_M,45,223,5,3.51,21.71,21.68
2024-04-15,Jeans_Blue_32,33,138,5,3.25,36.78,35.21
2024-04-15,Jacket_Red_L,21,151,10,4.6,36.58,37.75
2024-04-15,Hoodie_Grey_XL,44,205,3,4.91,41.54,40.2
2024-04-16,Tshirt_Black_S,34,284,5,3.03,38.23,37.71
2024-04-16,Tshirt_White_M,27,93,10,4.08,44.15,44.71
2024-04-16,Jeans_Blue_32,31,230,10,3.64,38.28,38.34
2024-04-16,Jacket_Red_L,29,231,5,4.21,33.92,35.31
2024-04-16,Hoodie_Grey_XL,29,77,7,4.93,28.96,29.23
2024-04-17,Tshirt_Black_S,29,236,3,4.41,37.69,37.68
2024-04-17,Tshirt_White_M,28,187,3,4.31,34.58,34.55
2024-04-17,Jeans_Blue_32,21,195,7,4.86,42.58,41.22
2024-04-17,Jacket_Red_L,41,74,10,3.69,18.44,17.53
2024-04-17,Hoodie_Grey_XL,42,273,3,4.65,45.63,44.54
2024-04-18,Tshirt_Black_S,32,100,3,3.04,38.44,39.92
2024-04-18,Tshirt_White_M,45,119,3,4.15,35.41,35.11
2024-04-18,Jeans_Blue_32,45,97,7,3.97,48.7,49.97
2024-04-18,Jacket_Red_L,36,232,5,3.12,44.88,45.33
2024-04-18,Hoodie_Grey_XL,44,256,3,4.8,28.95,27.53
2024-04-19,Tshirt_Black_S,25,300,7,3.77,46.29,48.41
2024-04-19,Tshirt_White_M,44,166,7,3.53,41.53,39.72
2024-04-19,Jeans_Blue_32,31,271,10,3.41,45.95,47.43
2024-04-19,Jacket_Red_L,50,122,10,3.37,17.08,17.88
2024-04-19,Hoodie_Grey_XL,61,210,7,4.22,39.98,39.54
2024-04-20,Tshirt_Black_S,53,258,3,3.34,48.79,47.41
2024-04-20,Tshirt_White_M,35,227,3,4.47,48.5,50.23
2024-04-20,Jeans_Blue_32,38,108,3,4.25,18.12,18.64
2024-04-20,Jacket_Red_L,39,219,5,4,48.46,47.53
2024-04-20,Hoodie_Grey_XL,32,123,5,4.84,18.91,19.44
2024-04-21,Tshirt_Black_S,23,103,3,4.25,27.64,27.04
2024-04-21,Tshirt_White_M,15,160,7,4.76,27.63,27.42
2024-04-21,Jeans_Blue_32,27,227,7,3.99,44.76,42.54
2024-04-21,Jacket_Red_L,22,246,3,4.8,19.53,19.91
2024-04-21,Hoodie_Grey_XL,23,172,7,4.37,40.73,42.51
2024-04-22,Tshirt_Black_S,21,71,3,4.68,39.24,38.85
2024-04-22,Tshirt_White_M,17,149,3,4.48,28.75,27.82
2024-04-22,Jeans_Blue_32,12,219,7,3.22,25.59,24.78
2024-04-22,Jacket_Red_L,14,106,3,3.38,48.81,47.77
2024-04-22,Hoodie_Grey_XL,20,67,7,3.98,39.14,41.09
2024-04-23,Tshirt_Black_S,23,103,10,3.73,36.92,35.44
2024-04-23,Tshirt_White_M,19,102,7,4.7,42.13,42.32
2024-04-23,Jeans_Blue_32,19,83,7,3.68,16.03,16.66
2024-04-23,Jacket_Red_L,23,102,5,3.7,31.95,33.06
2024-04-23,Hoodie_Grey_XL,19,74,5,3.03,19.02,18.93
2024-04-24,Tshirt_Black_S,21,251,3,4.76,40.41,39.5
2024-04-24,Tshirt_White_M,21,300,5,3.87,44.6,46.46
2024-04-24,Jeans_Blue_32,18,243,7,4.65,48.47,49.96
2024-04-24,Jacket_Red_L,16,220,3,3.32,24.89,24.54
2024-04-24,Hoodie_Grey_XL,18,223,3,3.9,31.16,32.71
2024-04-25,Tshirt_Black_S,9,152,3,4.98,22.19,22.8
2024-04-25,Tshirt_White_M,15,128,5,4.78,17.01,16.72
2024-04-25,Jeans_Blue_32,23,165,7,4.6,24.57,25.79
2024-04-25,Jacket_Red_L,15,155,7,4.43,17.96,17.83
2024-04-25,Hoodie_Grey_XL,19,216,3,3.53,16.13,15.57
2024-04-26,Tshirt_Black_S,16,285,5,3.92,25.81,25.61
2024-04-26,Tshirt_White_M,25,257,10,4.82,22.62,22.79
2024-04-26,Jeans_Blue_32,20,53,5,4.89,41.89,42.17
2024-04-26,Jacket_Red_L,12,109,3,4.6,25.61,26.72
2024-04-26,Hoodie_Grey_XL,24,236,10,4.2,22.65,22.81
2024-04-27,Tshirt_Black_S,24,194,3,4.12,35.07,33.95
2024-04-27,Tshirt_White_M,15,105,3,3.27,22.54,21.98
2024-04-27,Jeans_Blue_32,18,168,10,4.26,17.39,17.27
2024-04-27,Jacket_Red_L,13,286,10,4.25,43.59,43.43
2024-04-27,Hoodie_Grey_XL,23,126,7,4.54,45.13,45.35
2024-04-28,Tshirt_Black_S,20,184,3,4.42,43.71,42.98
2024-04-28,Tshirt_White_M,19,222,7,3.52,18.81,18.92
2024-04-28,Jeans_Blue_32,9,96,3,4.5,25.72,24.78
2024-04-28,Jacket_Red_L,17,241,7,4.83,22.31,22.98
2024-04-28,Hoodie_Grey_XL,24,142,3,4.45,16.86,17.66
2024-04-29,Tshirt_Black_S,30,299,10,4.82,34.71,33.85
2024-04-29,Tshirt_White_M,23,162,10,4.8,44.01,45.52
2024-04-29,Jeans_Blue_32,26,292,7,4.32,22.73,21.79
2024-04-29,Jacket_Red_L,16,288,5,3.5,32.91,32.78
2024-04-29,Hoodie_Grey_XL,14,206,7,4.23,22.67,23.16
2024-04-30,Tshirt_Black_S,14,251,5,4.3,25.27,25.11
2024-04-30,Tshirt_White_M,18,238,10,4.27,26.74,27.53
2024-04-30,Jeans_Blue_32,15,299,7,4.58,26.71,25.59
2024-04-30,Jacket_Red_L,21,75,5,4.96,18.8,18.35
2024-04-30,Hoodie_Grey_XL,12,259,5,3.11,32.65,33.8
2024-05-01,Tshirt_Black_S,32,132,3,4.2,42.49,40.84
2024-05-01,Tshirt_White_M,18,85,5,3.76,17.9,17.69
2024-05-01,Jeans_Blue_32,45,295,5,4.12,15.73,15.46
2024-05-01,Jacket_Red_L,38,282,5,4.97,37.19,38.3
2024-05-01,Hoodie_Grey_XL,60,204,5,3.93,21.31,22.32
2024-05-02,Tshirt_Black_S,40,113,3,4.72,20.85,20.52
2024-05-02,Tshirt_White_M,18,197,7,3.97,21.35,21.62
2024-05-02,Jeans_Blue_32,27,142,5,4.81,15.16,15.72
2024-05-02,Jacket_Red_L,32,197,5,3.11,46.91,48.13
2024-05-02,Hoodie_Grey_XL,63,267,3,3.41,20.76,21.26
2024-05-03,Tshirt_Black_S,28,253,7,4.68,33.79,33.53
2024-05-03,Tshirt_White_M,38,219,5,3.24,38.7,38.54
2024-05-03,Jeans_Blue_32,43,128,7,3.19,36.74,37.61
2024-05-03,Jacket_Red_L,52,177,10,4.56,38.81,38.98
2024-05-03,Hoodie_Grey_XL,40,291,10,4.82,38.98,37.04
2024-05-04,Tshirt_Black_S,23,234,10,3.23,31.47,32.26
2024-05-04,Tshirt_White_M,35,225,7,3.12,21.14,21.93
2024-05-04,Jeans_Blue_32,44,125,3,4.69,32.78,31.48
2024-05-04,Jacket_Red_L,44,56,10,4.17,40.97,40.86
2024-05-04,Hoodie_Grey_XL,19,260,5,3.97,30.69,31.2
2024-05-05,Tshirt_Black_S,21,244,10,3.51,29.76,29.35
2024-05-05,Tshirt_White_M,26,216,7,4.82,27.84,28.29
2024-05-05,Jeans_Blue_32,44,84,3,3.53,36.03,35.79
2024-05-05,Jacket_Red_L,22,102,5,3.26,26.93,28.11
2024-05-05,Hoodie_Grey_XL,27,292,5,3.56,20.25,19.6
2024-05-06,Tshirt_Black_S,39,183,5,3.14,48.33,47.7
2024-05-06,Tshirt_White_M,48,151,3,3.76,21.36,21.22
2024-05-06,Jeans_Blue_32,46,236,3,4.3,41.17,39.26
2024-05-06,Jacket_Red_L,22,200,7,3.45,35.93,36.87
2024-05-06,Hoodie_Grey_XL,64,266,5,4.69,32.18,32.77
2024-05-07,Tshirt_Black_S,17,232,10,4.17,28.4,29.02
2024-05-07,Tshirt_White_M,32,124,3,3.18,39.97,39.09
2024-05-07,Jeans_Blue_32,40,192,7,4.03,46.13,44.87
2024-05-07,Jacket_Red_L,27,135,10,3.04,38.87,39.92
2024-05-07,Hoodie_Grey_XL,37,281,10,4.49,46.08,47.7
2024-05-08,Tshirt_Black_S,36,261,5,4.93,39.23,39.08
2024-05-08,Tshirt_White_M,10,143,5,3.07,15.37,15.45
2024-05-08,Jeans_Blue_32,23,65,10,4.09,25.91,25.16
2024-05-08,Jacket_Red_L,37,180,10,3.62,44.12,46.07
2024-05-08,Hoodie_Grey_XL,33,166,3,4.4,21.46,20.7
2024-05-09,Tshirt_Black_S,25,225,5,4.88,26.78,27.3
2024-05-09,Tshirt_White_M,33,55,5,4.51,34.57,32.99
2024-05-09,Jeans_Blue_32,55,108,5,4.03,26.76,26.35
2024-05-09,Jacket_Red_L,43,134,7,4.03,37.34,38.98
2024-05-09,Hoodie_Grey_XL,13,108,10,4.84,15.54,15.99
2024-05-10,Tshirt_Black_S,40,76,10,4.31,25.57,26.26
2024-05-10,Tshirt_White_M,24,137,10,4.57,38.88,38.66
2024-05-10,Jeans_Blue_32,57,251,7,3.09,40.91,41.11
2024-05-10,Jacket_Red_L,25,87,10,4.3,15.68,15.17
2024-05-10,Hoodie_Grey_XL,49,297,3,3.67,41.52,41.49
2024-05-11,Tshirt_Black_S,35,166,7,4.28,17.75,18.53
2024-05-11,Tshirt_White_M,43,176,3,4.45,23.78,24.7
2024-05-11,Jeans_Blue_32,33,172,3,3.1,33.18,33.82
2024-05-11,Jacket_Red_L,22,211,7,4.86,18.14,17.92
2024-05-11,Hoodie_Grey_XL,29,130,5,4.74,35.39,34.2
2024-05-12,Tshirt_Black_S,19,296,5,4.21,28.7,29.94
2024-05-12,Tshirt_White_M,47,238,3,3.9,21.59,22.59
2024-05-12,Jeans_Blue_32,40,66,7,3.01,42.98,44.02
2024-05-12,Jacket_Red_L,39,98,7,4.94,36.15,35.54
2024-05-12,Hoodie_Grey_XL,43,95,7,4,29.6,28.67
2024-05-13,Tshirt_Black_S,32,63,5,3.55,23.47,23.19
2024-05-13,Tshirt_White_M,34,149,5,4.86,16.86,17.19
2024-05-13,Jeans_Blue_32,34,288,7,3.72,40.59,38.71
2024-05-13,Jacket_Red_L,63,123,3,4.78,15.82,15.37
2024-05-13,Hoodie_Grey_XL,37,176,7,4.76,38.48,39.09
2024-05-14,Tshirt_Black_S,30,259,10,4.92,25.14,25.47
2024-05-14,Tshirt_White_M,35,105,3,4.84,35.46,35.91
2024-05-14,Jeans_Blue_32,40,207,5,4.82,20.51,21.04
2024-05-14,Jacket_Red_L,37,90,10,4.58,39.8,40.99
2024-05-14,Hoodie_Grey_XL,30,149,3,3.58,17.1,17.17
2024-05-15,Tshirt_Black_S,43,204,3,4.53,40.95,39.23
2024-05-15,Tshirt_White_M,49,300,10,4.98,18.19,17.9
2024-05-15,Jeans_Blue_32,43,219,7,3.31,43.07,44.84
2024-05-15,Jacket_Red_L,41,292,3,4.41,34.64,36.24
2024-05-15,Hoodie_Grey_XL,26,218,5,3.54,40.81,41.17
2024-05-16,Tshirt_Black_S,44,225,10,4.22,26.34,27.41
2024-05-16,Tshirt_White_M,48,174,7,4.11,28.88,27.83
2024-05-16,Jeans_Blue_32,39,229,3,3.14,27.64,28.4
2024-05-16,Jacket_Red_L,44,248,10,4.67,19.86,18.96
2024-05-16,Hoodie_Grey_XL,29,71,10,3.04,27.09,27.39
2024-05-17,Tshirt_Black_S,32,253,10,3.4,23.01,22.78
2024-05-17,Tshirt_White_M,42,166,7,3.29,16.49,16.88
2024-05-17,Jeans_Blue_32,39,55,5,4.09,17.66,17.61
2024-05-17,Jacket_Red_L,34,197,7,3.7,42.46,40.4
2024-05-17,Hoodie_Grey_XL,41,100,7,3.08,47.8,49.34
2024-05-18,Tshirt_Black_S,47,131,7,4.18,26.68,27.35
2024-05-18,Tshirt_White_M,32,151,10,3.8,16.94,17.48
2024-05-18,Jeans_Blue_32,54,95,3,3.35,24.75,25.74
2024-05-18,Jacket_Red_L,32,224,5,3.44,36.71,36.25
2024-05-18,Hoodie_Grey_XL,38,276,5,3.1,15.64,15.12
2024-05-19,Tshirt_Black_S,52,199,10,4.73,46.34,47.65
2024-05-19,Tshirt_White_M,40,242,7,3.02,16.91,16.23
2024-05-19,Jeans_Blue_32,50,66,7,4.15,23.71,23.3
2024-05-19,Jacket_Red_L,22,105,3,4.55,23.8,23.11
2024-05-19,Hoodie_Grey_XL,35,166,7,4.81,38.18,39.99
2024-05-20,Tshirt_Black_S,42,204,5,3.65,23.63,23.5
2024-05-20,Tshirt_White_M,22,161,3,4.41,27.23,26.23
2024-05-20,Jeans_Blue_32,22,216,5,4.33,33.4,34
2024-05-20,Jacket_Red_L,48,243,10,3.08,23.63,23.34
2024-05-20,Hoodie_Grey_XL,38,134,3,3.46,28.98,28.5
2024-05-21,Tshirt_Black_S,31,277,10,4.26,17.79,18.5
2024-05-21,Tshirt_White_M,29,138,3,3.46,20.64,20.15
2024-05-21,Jeans_Blue_32,59,284,3,4.87,37.67,37.75
2024-05-21,Jacket_Red_L,45,252,5,3.2,38.07,37.14
2024-05-21,Hoodie_Grey_XL,42,204,10,4.3,25.46,25.52
2024-05-22,Tshirt_Black_S,37,254,3,4.08,21.6,21.54
2024-05-22,Tshirt_White_M,24,157,10,3.91,32.17,33.65
2024-05-22,Jeans_Blue_32,35,294,3,4.86,20.72,19.73
2024-05-22,Jacket_Red_L,34,240,10,3.17,37.75,38.91
2024-05-22,Hoodie_Grey_XL,20,248,5,4.82,15.09,14.4
2024-05-23,Tshirt_Black_S,59,165,5,3.64,33.22,34.08
2024-05-23,Tshirt_White_M,43,57,5,3.31,23.8,23.19
2024-05-23,Jeans_Blue_32,44,51,7,4.89,45.05,46.07
2024-05-23,Jacket_Red_L,19,55,3,3.57,32.76,34.39
2024-05-23,Hoodie_Grey_XL,46,61,3,4.84,42.46,40.7
2024-05-24,Tshirt_Black_S,31,232,5,4.11,48.64,48.11
2024-05-24,Tshirt_White_M,34,146,7,3.29,40.69,39.43
2024-05-24,Jeans_Blue_32,43,162,10,3.95,26.62,27.29
2024-05-24,Jacket_Red_L,34,141,3,3.41,19.89,20.6
2024-05-24,Hoodie_Grey_XL,65,106,3,3.72,48.56,49.57
2024-05-25,Tshirt_Black_S,25,219,3,3.04,42.9,41.39
2024-05-25,Tshirt_White_M,35,277,7,4.39,19.34,20.3
2024-05-25,Jeans_Blue_32,27,268,5,3.51,36.03,36.19
2024-05-25,Jacket_Red_L,25,168,3,5,40.14,40.45
2024-05-25,Hoodie_Grey_XL,45,132,10,3.5,39.37,40.15
2024-05-26,Tshirt_Black_S,35,99,3,3.32,46.03,44.48
2024-05-26,Tshirt_White_M,59,82,3,3.76,41.72,39.84
2024-05-26,Jeans_Blue_32,27,91,7,4.74,44.5,42.79
2024-05-26,Jacket_Red_L,57,268,5,3.98,31.53,30.88
2024-05-26,Hoodie_Grey_XL,31,130,5,4.96,47.42,46.59
2024-05-27,Tshirt_Black_S,31,203,3,4.53,30.79,31.57
2024-05-27,Tshirt_White_M,30,74,3,3.25,33.73,34.83
2024-05-27,Jeans_Blue_32,38,84,10,3.72,34.11,35.13
2024-05-27,Jacket_Red_L,46,204,10,4.94,18.39,18.74
2024-05-27,Hoodie_Grey_XL,34,218,3,4.81,22.18,23.12
2024-05-28,Tshirt_Black_S,46,155,5,3.34,29.95,31.35
2024-05-28,Tshirt_White_M,26,105,7,3.84,22.69,22.54
2024-05-28,Jeans_Blue_32,36,227,10,4.21,31.68,30.49
2024-05-28,Jacket_Red_L,38,123,3,3.15,43.7,45.75
2024-05-28,Hoodie_Grey_XL,45,267,10,3.77,19.25,18.6
2024-05-29,Tshirt_Black_S,56,299,3,4.47,32.77,33.26
2024-05-29,Tshirt_White_M,32,270,5,3.35,47.26,45.18
2024-05-29,Jeans_Blue_32,43,149,10,3.95,44.84,46.09
2024-05-29,Jacket_Red_L,41,74,3,4.35,20.21,19.83
2024-05-29,Hoodie_Grey_XL,28,282,3,4.88,46.28,44.85
2024-05-30,Tshirt_Black_S,34,254,10,4.1,38.08,39.23
2024-05-30,Tshirt_White_M,26,272,3,3.19,47.8,49.71
2024-05-30,Jeans_Blue_32,34,74,10,4.59,34.6,36.26
2024-05-30,Jacket_Red_L,36,110,3,3.26,23.71,23.57
2024-05-30,Hoodie_Grey_XL,46,89,5,3.34,24.71,25.57
2024-05-31,Tshirt_Black_S,33,77,5,4.19,19.27,19.65
2024-05-31,Tshirt_White_M,44,253,5,3.93,33.73,32.05
2024-05-31,Jeans_Blue_32,23,213,7,4.78,16.86,16.34
2024-05-31,Jacket_Red_L,36,77,10,3.14,19.6,20.22
2024-05-31,Hoodie_Grey_XL,33,218,10,4.45,25.1,25.44
2024-06-01,Tshirt_Black_S,23,71,7,3.71,19.34,19.52
2024-06-01,Tshirt_White_M,17,112,3,4.83,20.79,20.24
2024-06-01,Jeans_Blue_32,16,67,7,3.48,33.48,33.72
2024-06-01,Jacket_Red_L,13,145,5,3.93,38.5,36.72
2024-06-01,Hoodie_Grey_XL,21,269,3,3.59,37.12,38.18
2024-06-02,Tshirt_Black_S,10,135,5,3.7,32.36,32.78
2024-06-02,Tshirt_White_M,22,263,3,4,47.54,47.86
2024-06-02,Jeans_Blue_32,19,289,7,4.14,45.09,44.46
2024-06-02,Jacket_Red_L,15,163,3,3.47,19.54,20.23
2024-06-02,Hoodie_Grey_XL,17,119,10,3.33,26.32,26.18
2024-06-03,Tshirt_Black_S,18,51,7,4.17,16.66,16.64
2024-06-03,Tshirt_White_M,16,204,7,3.69,40.34,39.62
2024-06-03,Jeans_Blue_32,9,266,7,4.45,35.27,36.21
2024-06-03,Jacket_Red_L,24,67,5,3.34,36.54,38.13
2024-06-03,Hoodie_Grey_XL,14,188,7,4.48,32.85,32.98
2024-06-04,Tshirt_Black_S,15,267,5,4.56,41.7,43.46
2024-06-04,Tshirt_White_M,18,272,10,3.28,31.55,30.85
2024-06-04,Jeans_Blue_32,22,119,5,3,42.82,42.56
2024-06-04,Jacket_Red_L,21,102,7,4.52,46.74,46.45
2024-06-04,Hoodie_Grey_XL,14,278,7,4.14,45.07,45.11
2024-06-05,Tshirt_Black_S,27,131,3,3.55,42.68,42.43
2024-06-05,Tshirt_White_M,16,267,5,3.99,45.8,44.75
2024-06-05,Jeans_Blue_32,30,234,10,4.76,42.16,43.12
2024-06-05,Jacket_Red_L,22,112,7,3.12,44.92,43.32
2024-06-05,Hoodie_Grey_XL,22,71,5,3.55,39.07,38.4
2024-06-06,Tshirt_Black_S,14,63,3,3.62,41.32,42.05
2024-06-06,Tshirt_White_M,11,76,7,4.94,49.84,52.07
2024-06-06,Jeans_Blue_32,14,77,3,4.71,17.52,17.15
2024-06-06,Jacket_Red_L,24,259,5,3.08,45.37,44.29
2024-06-06,Hoodie_Grey_XL,21,73,3,4.96,40.67,41.67
2024-06-07,Tshirt_Black_S,13,85,3,3.33,42.3,43.01
2024-06-07,Tshirt_White_M,26,249,5,3.67,27.65,28.38
2024-06-07,Jeans_Blue_32,21,273,3,4.22,20.06,20.89
2024-06-07,Jacket_Red_L,19,292,7,4.75,23.35,23.02
2024-06-07,Hoodie_Grey_XL,19,171,10,4.57,30.72,31.15
2024-06-08,Tshirt_Black_S,17,155,5,3.86,45.14,46.32
2024-06-08,Tshirt_White_M,27,228,10,4.57,40.97,41.15
2024-06-08,Jeans_Blue_32,11,157,5,4.12,22.21,21.72
2024-06-08,Jacket_Red_L,23,201,5,3.69,48.97,48.92
2024-06-08,Hoodie_Grey_XL,32,227,5,3.69,36.11,37.15
2024-06-09,Tshirt_Black_S,9,263,10,4.87,23.53,22.97
2024-06-09,Tshirt_White_M,11,121,10,3.02,36.4,34.72
2024-06-09,Jeans_Blue_32,25,88,5,4.57,15.65,16.26
2024-06-09,Jacket_Red_L,10,247,5,4.27,25.38,26.57
2024-06-09,Hoodie_Grey_XL,22,170,3,4.44,29,29.78
2024-06-10,Tshirt_Black_S,18,183,10,3.3,15.77,15.14
2024-06-10,Tshirt_White_M,23,140,7,4.56,48.34,46.66
2024-06-10,Jeans_Blue_32,16,96,3,3.31,20.81,20.13
2024-06-10,Jacket_Red_L,19,199,7,3.64,20.63,20.7
2024-06-10,Hoodie_Grey_XL,21,269,10,4.06,41.75,43.7
2024-06-11,Tshirt_Black_S,22,281,7,3.77,24.11,23.52
2024-06-11,Tshirt_White_M,12,120,7,3.41,22.96,23.54
2024-06-11,Jeans_Blue_32,16,234,10,3.03,43.99,43.01
2024-06-11,Jacket_Red_L,16,81,10,4.72,45.29,45.34
2024-06-11,Hoodie_Grey_XL,2,171,5,4.43,46.7,45.97
2024-06-12,Tshirt_Black_S,22,145,7,4.51,25.89,25.49
2024-06-12,Tshirt_White_M,11,117,3,3.48,22.43,21.82
2024-06-12,Jeans_Blue_32,28,54,3,4.01,34.25,34.24
2024-06-12,Jacket_Red_L,22,218,7,3.6,19.81,18.97
2024-06-12,Hoodie_Grey_XL,20,108,10,3.65,39.46,40.81
2024-06-13,Tshirt_Black_S,14,80,3,4.81,32.29,33.63
2024-06-13,Tshirt_White_M,20,101,10,4.81,19.67,20.55
2024-06-13,Jeans_Blue_32,20,300,10,3.81,29.45,28.87
2024-06-13,Jacket_Red_L,21,180,5,4.34,37.66,35.81
2024-06-13,Hoodie_Grey_XL,28,278,3,3.8,24.01,24.84
2024-06-14,Tshirt_Black_S,19,229,7,3.14,16.83,16.05
2024-06-14,Tshirt_White_M,26,53,7,4.86,44.77,44.35
2024-06-14,Jeans_Blue_32,19,270,3,4.93,39.51,40.12
2024-06-14,Jacket_Red_L,5,259,7,3.32,35.4,34.99
2024-06-14,Hoodie_Grey_XL,14,98,5,4.14,16.98,17.78
2024-06-15,Tshirt_Black_S,12,229,5,3.58,22.96,23.94
2024-06-15,Tshirt_White_M,22,137,7,4.05,22.34,22.61
2024-06-15,Jeans_Blue_32,20,74,7,4.4,49.24,47.84
2024-06-15,Jacket_Red_L,21,52,10,4,24.2,24.37
2024-06-15,Hoodie_Grey_XL,22,100,7,4.88,46.48,45.77
2024-06-16,Tshirt_Black_S,23,233,10,3.49,48.52,49.98
2024-06-16,Tshirt_White_M,12,91,10,3.2,26.82,27.35
2024-06-16,Jeans_Blue_32,20,60,5,3.58,16.81,16.32
2024-06-16,Jacket_Red_L,14,267,5,4.68,31.43,31.78
2024-06-16,Hoodie_Grey_XL,21,220,5,4.81,42.81,43.46
2024-06-17,Tshirt_Black_S,17,136,5,3.61,43.18,42.34
2024-06-17,Tshirt_White_M,17,59,7,4.06,46.68,47.22
2024-06-17,Jeans_Blue_32,19,175,10,3.28,37.2,37.81
2024-06-17,Jacket_Red_L,27,151,3,4.81,16.04,16.73
2024-06-17,Hoodie_Grey_XL,9,190,7,3.42,32.83,33.62
2024-06-18,Tshirt_Black_S,13,148,3,4.83,17.03,16.88
2024-06-18,Tshirt_White_M,13,74,5,3.31,48.67,46.9
2024-06-18,Jeans_Blue_32,18,286,3,4.67,35.59,36.22
2024-06-18,Jacket_Red_L,20,163,5,3.35,30.71,29.34
2024-06-18,Hoodie_Grey_XL,6,293,10,4.48,18.97,18.39
2024-06-19,Tshirt_Black_S,16,63,3,4.65,32.19,32.47
2024-06-19,Tshirt_White_M,25,115,7,3.21,19.09,19.05
2024-06-19,Jeans_Blue_32,22,188,10,3.58,34.06,34.25
2024-06-19,Jacket_Red_L,11,146,5,3.04,30.44,30.67
2024-06-19,Hoodie_Grey_XL,24,269,3,4.38,35.96,34.66
2024-06-20,Tshirt_Black_S,23,273,5,3.85,36.56,36.28
2024-06-20,Tshirt_White_M,27,228,7,4.23,25.53,24.26
2024-06-20,Jeans_Blue_32,18,275,10,3.57,20.88,20.82
2024-06-20,Jacket_Red_L,20,240,7,4.96,32.32,33.49
2024-06-20,Hoodie_Grey_XL,22,76,10,3.05,17.75,16.88
2024-06-21,Tshirt_Black_S,19,132,10,4.21,40.11,39.96
2024-06-21,Tshirt_White_M,10,144,10,3.15,46.6,48.06
2024-06-21,Jeans_Blue_32,12,289,5,4.3,21.09,22.09
2024-06-21,Jacket_Red_L,20,176,5,4.2,24.77,24.8
2024-06-21,Hoodie_Grey_XL,25,297,7,3.43,33.18,34.51
2024-06-22,Tshirt_Black_S,22,114,10,4.28,47.03,49.27
2024-06-22,Tshirt_White_M,13,117,5,4.22,17.55,16.95
2024-06-22,Jeans_Blue_32,14,194,5,3.01,44.54,45.75
2024-06-22,Jacket_Red_L,17,223,10,4.31,20.83,20.89
2024-06-22,Hoodie_Grey_XL,17,265,7,4.69,24.24,24.46
2024-06-23,Tshirt_Black_S,18,266,10,4.1,26.49,26.65
2024-06-23,Tshirt_White_M,16,260,3,3.38,17.5,17.19
2024-06-23,Jeans_Blue_32,16,87,10,3.8,32.83,32.29
2024-06-23,Jacket_Red_L,12,188,3,4.18,16.44,16.64
2024-06-23,Hoodie_Grey_XL,11,200,3,4.69,33.98,33.15
2024-06-24,Tshirt_Black_S,17,292,7,4.22,18.17,18.22
2024-06-24,Tshirt_White_M,13,163,3,4.06,28.19,27.89
2024-06-24,Jeans_Blue_32,18,247,7,3.78,47.23,46.36
2024-06-24,Jacket_Red_L,21,295,5,3.24,20.43,21.11
2024-06-24,Hoodie_Grey_XL,25,281,10,3.72,21.32,21.21
2024-06-25,Tshirt_Black_S,21,262,7,4.7,27.84,27.49
2024-06-25,Tshirt_White_M,19,116,7,4.7,23.09,23.97
2024-06-25,Jeans_Blue_32,21,165,7,4.52,16.29,15.79
2024-06-25,Jacket_Red_L,20,64,5,4.02,30.99,30.56
2024-06-25,Hoodie_Grey_XL,19,64,10,3.43,32.3,33.2
2024-06-26,Tshirt_Black_S,24,273,10,4.59,39.56,37.92
2024-06-26,Tshirt_White_M,17,272,3,4.03,43.5,45.32
2024-06-26,Jeans_Blue_32,11,193,3,3.51,40.53,38.71
2024-06-26,Jacket_Red_L,15,256,3,4.69,15.34,15.71
2024-06-26,Hoodie_Grey_XL,11,285,7,4.71,37.78,39.16
2024-06-27,Tshirt_Black_S,17,50,5,4.12,49.38,49.16
2024-06-27,Tshirt_White_M,21,175,7,4.61,40.14,39.75
2024-06-27,Jeans_Blue_32,21,101,7,4.83,36.66,37.69
2024-06-27,Jacket_Red_L,19,214,3,3.07,27.11,27.6
2024-06-27,Hoodie_Grey_XL,18,155,5,3.6,29.57,28.97
2024-06-28,Tshirt_Black_S,18,218,7,4.49,49.95,48.14
2024-06-28,Tshirt_White_M,20,192,10,4.24,46.66,44.71
2024-06-28,Jeans_Blue_32,16,246,7,4.7,43.14,44.59
2024-06-28,Jacket_Red_L,12,227,10,4.18,37.35,38.56
2024-06-28,Hoodie_Grey_XL,20,259,3,3.18,45.03,43.42
2024-06-29,Tshirt_Black_S,15,237,10,3.29,34.98,35.41
2024-06-29,Tshirt_White_M,13,128,3,4.87,36.93,38.3
2024-06-29,Jeans_Blue_32,22,189,5,3.62,28.5,27.72
2024-06-29,Jacket_Red_L,18,152,5,4.77,16.12,15.97
2024-06-29,Hoodie_Grey_XL,26,261,5,3.6,18.26,17.93
2024-06-30,Tshirt_Black_S,23,109,10,4.27,34.35,35.09
2024-06-30,Tshirt_White_M,20,169,7,3.94,35.27,35.67
2024-06-30,Jeans_Blue_32,22,252,5,3.48,26.29,26.9
2024-06-30,Jacket_Red_L,13,51,7,3.95,26.88,27.44
2024-06-30,Hoodie_Grey_XL,18,108,10,3.58,40.66,39.29
2024-07-01,Tshirt_Black_S,36,96,5,3.7,29.53,30.55
2024-07-01,Tshirt_White_M,33,262,3,3.84,42.27,43.39
2024-07-01,Jeans_Blue_32,36,267,5,3.32,41.89,41.7
2024-07-01,Jacket_Red_L,38,117,3,3.63,32.1,31.85
2024-07-01,Hoodie_Grey_XL,36,272,3,4.42,19.89,20.25
2024-07-02,Tshirt_Black_S,44,150,5,4.68,37.68,37.44
2024-07-02,Tshirt_White_M,37,244,3,3.05,23.82,24.05
2024-07-02,Jeans_Blue_32,45,53,10,4.86,17.24,17.01
2024-07-02,Jacket_Red_L,46,252,3,4.07,15.57,15.69
2024-07-02,Hoodie_Grey_XL,38,290,3,4.17,29.74,31.1
2024-07-03,Tshirt_Black_S,47,260,10,4.9,27.66,28.09
2024-07-03,Tshirt_White_M,35,125,7,3.93,27.96,27
2024-07-03,Jeans_Blue_32,37,227,3,3.98,41.97,42.64
2024-07-03,Jacket_Red_L,28,147,10,3.54,47.07,47.51
2024-07-03,Hoodie_Grey_XL,31,258,5,4.51,18.82,18.37
2024-07-04,Tshirt_Black_S,38,288,3,4.58,34.79,33.73
2024-07-04,Tshirt_White_M,35,188,10,3.12,41.53,40.94
2024-07-04,Jeans_Blue_32,39,136,3,4.89,25.96,26.52
2024-07-04,Jacket_Red_L,34,195,10,4.71,43.33,43.11
2024-07-04,Hoodie_Grey_XL,49,61,7,4.59,29.13,30.3
2024-07-05,Tshirt_Black_S,32,185,3,4.67,23.93,24.1
2024-07-05,Tshirt_White_M,42,216,7,3.09,24.47,23.57
2024-07-05,Jeans_Blue_32,20,275,3,3.47,35.08,34.82
2024-07-05,Jacket_Red_L,31,176,5,4.56,29.02,30.24
2024-07-05,Hoodie_Grey_XL,35,248,3,4.95,30.15,31.3
2024-07-06,Tshirt_Black_S,29,298,10,4.25,31.46,31.97
2024-07-06,Tshirt_White_M,36,94,10,4.15,40.99,40.78
2024-07-06,Jeans_Blue_32,37,148,3,3.14,20.73,21.46
2024-07-06,Jacket_Red_L,33,239,3,3.79,25.91,25.73
2024-07-06,Hoodie_Grey_XL,23,181,10,3.74,31.76,31.86
2024-07-07,Tshirt_Black_S,37,143,5,3.04,22.73,23.51
2024-07-07,Tshirt_White_M,54,141,3,4.14,17.44,17.13
2024-07-07,Jeans_Blue_32,37,177,7,4.49,28.29,29.34
2024-07-07,Jacket_Red_L,36,168,10,4.94,40.93,41.52
2024-07-07,Hoodie_Grey_XL,48,204,10,4.53,46.02,46.66
2024-07-08,Tshirt_Black_S,57,169,5,3.99,49.57,51.27
2024-07-08,Tshirt_White_M,28,222,3,3.64,47.71,47.56
2024-07-08,Jeans_Blue_32,56,62,7,4.01,49.9,49.35
2024-07-08,Jacket_Red_L,33,198,3,4.54,40.04,39.41
2024-07-08,Hoodie_Grey_XL,26,65,10,3.57,29.55,28.8
2024-07-09,Tshirt_Black_S,44,147,5,4.42,31.02,31.15
2024-07-09,Tshirt_White_M,22,58,7,3.82,39.74,38.18
2024-07-09,Jeans_Blue_32,35,286,10,3.11,41.34,40
2024-07-09,Jacket_Red_L,35,93,5,3.73,38.27,38.49
2024-07-09,Hoodie_Grey_XL,38,109,5,4.32,28.85,29.59
2024-07-10,Tshirt_Black_S,20,244,5,3.48,36.57,38.15
2024-07-10,Tshirt_White_M,23,86,10,3.21,40.22,41.31
2024-07-10,Jeans_Blue_32,39,58,7,4.75,28.31,28.16
2024-07-10,Jacket_Red_L,42,119,7,4.31,15.7,15.51
2024-07-10,Hoodie_Grey_XL,40,174,7,3.12,28.2,28.07
2024-07-11,Tshirt_Black_S,21,82,10,4.86,36.23,37.32
2024-07-11,Tshirt_White_M,30,246,10,4.04,34.68,33.75
2024-07-11,Jeans_Blue_32,57,275,5,4.98,37.45,37.75
2024-07-11,Jacket_Red_L,28,151,5,4.93,37.78,36.97
2024-07-11,Hoodie_Grey_XL,18,98,3,3.3,22.61,23.52
2024-07-12,Tshirt_Black_S,30,113,3,4.5,29.94,29.97
2024-07-12,Tshirt_White_M,14,59,3,3.49,26.4,27.4
2024-07-12,Jeans_Blue_32,20,225,7,3.2,29.54,29.77
2024-07-12,Jacket_Red_L,28,202,10,3.82,19.04,18.2
2024-07-12,Hoodie_Grey_XL,28,98,3,3.06,16.38,16.02
2024-07-13,Tshirt_Black_S,17,163,3,3.78,39.56,41.28
2024-07-13,Tshirt_White_M,45,93,10,3.22,38.08,37.39
2024-07-13,Jeans_Blue_32,33,295,5,4.29,33.4,35.03
2024-07-13,Jacket_Red_L,30,121,3,3.94,18.02,18.88
2024-07-13,Hoodie_Grey_XL,30,295,3,3.29,39.65,40.59
2024-07-14,Tshirt_Black_S,34,161,7,4.08,40.41,40.95
2024-07-14,Tshirt_White_M,46,135,7,3.66,23.61,24.24
2024-07-14,Jeans_Blue_32,37,284,3,4.28,42.29,42.24
2024-07-14,Jacket_Red_L,32,156,10,3.67,21.4,22.36
2024-07-14,Hoodie_Grey_XL,22,60,5,3.13,22.65,23.02
2024-07-15,Tshirt_Black_S,28,276,3,4.79,34.21,35.76
2024-07-15,Tshirt_White_M,30,157,5,4.27,31.76,32.23
2024-07-15,Jeans_Blue_32,31,106,7,4.44,38.2,39.27
2024-07-15,Jacket_Red_L,38,160,5,4.56,30.29,30.06
2024-07-15,Hoodie_Grey_XL,17,80,3,3.71,34.04,34.45
2024-07-16,Tshirt_Black_S,38,143,3,3.61,18.39,18.29
2024-07-16,Tshirt_White_M,33,140,5,3.18,40.97,39.22
2024-07-16,Jeans_Blue_32,22,166,10,4.76,42.34,42.81
2024-07-16,Jacket_Red_L,36,105,10,3.69,19.28,20.03
2024-07-16,Hoodie_Grey_XL,35,133,7,3.08,29.33,30.59
2024-07-17,Tshirt_Black_S,29,155,10,4.86,29.56,30.59
2024-07-17,Tshirt_White_M,63,117,10,3.46,33.59,34.87
2024-07-17,Jeans_Blue_32,28,293,7,4.6,32.31,30.97
2024-07-17,Jacket_Red_L,40,138,3,3.37,35.59,34.93
2024-07-17,Hoodie_Grey_XL,50,60,7,4.08,46.55,44.37
2024-07-18,Tshirt_Black_S,32,92,7,3.12,30.87,32.32
2024-07-18,Tshirt_White_M,41,269,7,3.78,26.62,26.5
2024-07-18,Jeans_Blue_32,42,238,10,4.13,26.74,27.45
2024-07-18,Jacket_Red_L,46,94,5,3.21,28.41,28.95
2024-07-18,Hoodie_Grey_XL,34,237,5,3.3,33.1,33.53
2024-07-19,Tshirt_Black_S,41,235,7,3.56,27.79,27.15
2024-07-19,Tshirt_White_M,36,196,3,3.26,46.81,48.37
2024-07-19,Jeans_Blue_32,28,237,3,3.28,43.53,43.91
2024-07-19,Jacket_Red_L,44,299,10,3.29,36.9,37.26
2024-07-19,Hoodie_Grey_XL,26,215,5,3.24,40.72,42.2
2024-07-20,Tshirt_Black_S,47,211,3,3.55,40.89,41.04
2024-07-20,Tshirt_White_M,28,153,10,4.55,47.36,46.22
2024-07-20,Jeans_Blue_32,28,263,5,4.89,47.54,47.2
2024-07-20,Jacket_Red_L,17,238,7,4.4,43.05,41.87
2024-07-20,Hoodie_Grey_XL,26,295,3,4.43,33.8,33.62
2024-07-21,Tshirt_Black_S,49,108,10,3.28,44.05,44.59
2024-07-21,Tshirt_White_M,47,185,7,4.39,38.7,37.58
2024-07-21,Jeans_Blue_32,36,200,10,4.6,16.99,17.22
2024-07-21,Jacket_Red_L,26,88,5,4.78,49.2,51.22
2024-07-21,Hoodie_Grey_XL,35,164,7,3.79,27.02,26.94
2024-07-22,Tshirt_Black_S,25,153,3,3.65,23.84,23.67
2024-07-22,Tshirt_White_M,29,134,5,3.78,21.09,20.23
2024-07-22,Jeans_Blue_32,37,61,10,3.22,19.71,19.95
2024-07-22,Jacket_Red_L,33,180,7,3.27,44.72,46.26
2024-07-22,Hoodie_Grey_XL,34,186,3,3.94,45.35,46.66
2024-07-23,Tshirt_Black_S,36,191,10,3.19,37.92,37.75
2024-07-23,Tshirt_White_M,38,62,7,3.83,20.26,21.04
2024-07-23,Jeans_Blue_32,28,151,7,3.23,32.75,32.44
2024-07-23,Jacket_Red_L,29,67,10,3.28,18.82,19.51
2024-07-23,Hoodie_Grey_XL,36,223,10,3.06,46.07,47.51
2024-07-24,Tshirt_Black_S,37,143,3,4.85,22.43,22.33
2024-07-24,Tshirt_White_M,39,203,3,4.69,40.62,41.44
2024-07-24,Jeans_Blue_32,26,83,10,4.8,35.41,35.49
2024-07-24,Jacket_Red_L,31,133,7,3.81,42.1,42.38
2024-07-24,Hoodie_Grey_XL,43,189,5,3.53,42.43,43
2024-07-25,Tshirt_Black_S,32,159,7,3.86,48.93,47.76
2024-07-25,Tshirt_White_M,4,258,7,4.99,46.66,44.81
2024-07-25,Jeans_Blue_32,37,132,3,3.72,16.26,16.79
2024-07-25,Jacket_Red_L,34,244,7,4.32,22.9,22.31
2024-07-25,Hoodie_Grey_XL,29,229,7,4.37,42.44,41.98
2024-07-26,Tshirt_Black_S,46,65,7,3.38,48.77,47.78
2024-07-26,Tshirt_White_M,25,271,3,3.76,15.66,15.41
2024-07-26,Jeans_Blue_32,38,87,7,3.29,47.48,47.25
2024-07-26,Jacket_Red_L,37,276,3,3.9,37.51,37.3
2024-07-26,Hoodie_Grey_XL,20,120,10,3.45,30.93,31.99
2024-07-27,Tshirt_Black_S,34,66,7,4.7,43.29,42.3
2024-07-27,Tshirt_White_M,40,300,7,3.27,24.45,25.43
2024-07-27,Jeans_Blue_32,31,183,7,4.31,36.56,37.95
2024-07-27,Jacket_Red_L,34,247,3,4.79,37.82,38.47
2024-07-27,Hoodie_Grey_XL,48,132,7,3.35,31.19,32.02
2024-07-28,Tshirt_Black_S,23,173,10,4.26,37.79,39.15
2024-07-28,Tshirt_White_M,43,89,5,4.84,44.77,44.08
2024-07-28,Jeans_Blue_32,16,260,3,3.36,45.09,44.97
2024-07-28,Jacket_Red_L,43,154,3,3.44,30.52,30.41
2024-07-28,Hoodie_Grey_XL,22,204,7,4.62,38.87,39.22
2024-07-29,Tshirt_Black_S,26,62,5,4.08,38.15,38.25
2024-07-29,Tshirt_White_M,24,247,5,3.87,33.92,34.19
2024-07-29,Jeans_Blue_32,37,130,5,3.05,36.01,35.69
2024-07-29,Jacket_Red_L,36,73,7,4.7,16.87,17.71
2024-07-29,Hoodie_Grey_XL,37,175,10,4.2,25.18,24.94
2024-07-30,Tshirt_Black_S,36,144,10,3.42,20.91,20.46
2024-07-30,Tshirt_White_M,33,281,5,3.14,31.52,30.83
2024-07-30,Jeans_Blue_32,35,158,7,3.1,38.43,36.84
2024-07-30,Jacket_Red_L,39,170,5,3.31,40.88,42.83
2024-07-30,Hoodie_Grey_XL,35,167,7,4.27,22.41,22.28
2024-07-31,Tshirt_Black_S,31,254,3,3.01,23.96,24.3
2024-07-31,Tshirt_White_M,34,238,7,3.67,45.69,43.44
2024-07-31,Jeans_Blue_32,29,111,10,3.33,45.81,43.67
2024-07-31,Jacket_Red_L,32,228,3,4.99,30.72,31.67
2024-07-31,Hoodie_Grey_XL,38,245,3,4.03,42.96,42.58
2024-08-01,Tshirt_Black_S,33,154,3,3.67,35.56,35.32
2024-08-01,Tshirt_White_M,16,74,3,3.79,43.23,44.41
2024-08-01,Jeans_Blue_32,28,293,7,3.16,37.48,39.28
2024-08-01,Jacket_Red_L,21,79,10,4.87,37.2,37.95
2024-08-01,Hoodie_Grey_XL,18,210,3,4.42,28.22,27.3
2024-08-02,Tshirt_Black_S,13,97,10,4.83,26.83,27.76
2024-08-02,Tshirt_White_M,12,187,3,3.44,16.95,16.25
2024-08-02,Jeans_Blue_32,16,217,3,3.3,19.02,19.42
2024-08-02,Jacket_Red_L,20,298,5,4.34,39.23,40.22
2024-08-02,Hoodie_Grey_XL,25,260,3,3.19,44.47,46.29
2024-08-03,Tshirt_Black_S,23,216,3,4.37,31.26,30.28
2024-08-03,Tshirt_White_M,19,150,7,3.39,36.05,36.18
2024-08-03,Jeans_Blue_32,18,58,3,3.99,20.3,21.18
2024-08-03,Jacket_Red_L,16,74,10,4.64,16.62,16.57
2024-08-03,Hoodie_Grey_XL,18,108,3,4.78,19.79,20.75
2024-08-04,Tshirt_Black_S,17,152,10,4.19,43.74,43.63
2024-08-04,Tshirt_White_M,19,243,10,3.81,20.95,21.76
2024-08-04,Jeans_Blue_32,21,286,5,4.31,16.83,16.87
2024-08-04,Jacket_Red_L,20,220,10,4.81,18.27,17.4
2024-08-04,Hoodie_Grey_XL,27,166,10,3.97,44.93,47.05
2024-08-05,Tshirt_Black_S,26,57,10,4.89,37.5,39.33
2024-08-05,Tshirt_White_M,20,158,5,3.76,19.13,18.83
2024-08-05,Jeans_Blue_32,19,155,7,4.54,49.07,49.04
2024-08-05,Jacket_Red_L,33,174,10,3.2,38.64,38.91
2024-08-05,Hoodie_Grey_XL,5,300,3,3.45,45.89,47.21
2024-08-06,Tshirt_Black_S,21,183,10,4.08,26.25,25.76
2024-08-06,Tshirt_White_M,32,174,3,3.8,22.13,21.21
2024-08-06,Jeans_Blue_32,18,61,10,4.42,19.5,19.63
2024-08-06,Jacket_Red_L,21,291,7,4.94,34.97,36.57
2024-08-06,Hoodie_Grey_XL,17,175,3,3.04,24.84,24.62
2024-08-07,Tshirt_Black_S,19,194,3,3.99,29.67,31.12
2024-08-07,Tshirt_White_M,25,177,7,4.73,16.25,15.71
2024-08-07,Jeans_Blue_32,25,238,5,4.87,46.79,47.43
2024-08-07,Jacket_Red_L,17,169,5,4.69,39.97,41.13
2024-08-07,Hoodie_Grey_XL,23,244,3,4.23,41.5,42
2024-08-08,Tshirt_Black_S,27,262,10,4.28,39.16,40.65
2024-08-08,Tshirt_White_M,17,189,10,3.75,40.41,39.34
2024-08-08,Jeans_Blue_32,22,172,5,3.25,34.14,34.7
2024-08-08,Jacket_Red_L,20,241,5,4.15,18.93,18.05
2024-08-08,Hoodie_Grey_XL,11,185,10,3.3,41.48,43.27
2024-08-09,Tshirt_Black_S,19,241,10,3.41,25.07,25.92
2024-08-09,Tshirt_White_M,9,290,7,4.76,47.23,48.85
2024-08-09,Jeans_Blue_32,23,288,3,3.15,49.4,48.88
2024-08-09,Jacket_Red_L,22,208,3,3.96,48.1,49.45
2024-08-09,Hoodie_Grey_XL,23,281,7,4.16,32.16,33.42
2024-08-10,Tshirt_Black_S,5,137,7,3.2,34.32,35.4
2024-08-10,Tshirt_White_M,25,128,7,3.36,15.21,15.5
2024-08-10,Jeans_Blue_32,25,255,7,4.89,39.98,38.42
2024-08-10,Jacket_Red_L,28,295,7,3.21,24.29,25.45
2024-08-10,Hoodie_Grey_XL,10,291,7,3.46,24.97,25.28
2024-08-11,Tshirt_Black_S,22,221,10,3.48,23.2,23.52
2024-08-11,Tshirt_White_M,10,108,3,3.33,21.27,22.07
2024-08-11,Jeans_Blue_32,23,245,10,4.79,41.08,40.83
2024-08-11,Jacket_Red_L,25,89,5,4.21,18.25,18.95
2024-08-11,Hoodie_Grey_XL,16,231,7,3.76,25.78,27
2024-08-12,Tshirt_Black_S,18,203,5,3.69,39.03,37.87
2024-08-12,Tshirt_White_M,19,167,10,3.25,19.41,18.91
2024-08-12,Jeans_Blue_32,11,245,3,4.44,37.51,37.14
2024-08-12,Jacket_Red_L,21,179,5,4.1,16.08,16.12
2024-08-12,Hoodie_Grey_XL,10,300,5,3.12,41.52,40.98
2024-08-13,Tshirt_Black_S,16,265,3,3.57,18.17,17.86
2024-08-13,Tshirt_White_M,27,207,5,3.87,22.16,21.74
2024-08-13,Jeans_Blue_32,20,227,7,4.4,44.03,42.81
2024-08-13,Jacket_Red_L,13,209,7,4.2,37.51,37.98
2024-08-13,Hoodie_Grey_XL,13,224,10,4.13,17.1,16.29
2024-08-14,Tshirt_Black_S,10,182,3,4.77,31.8,30.87
2024-08-14,Tshirt_White_M,21,228,3,3.23,33.71,33.89
2024-08-14,Jeans_Blue_32,13,292,5,4.87,49.21,50.12
2024-08-14,Jacket_Red_L,23,125,7,3.96,29.87,30.69
2024-08-14,Hoodie_Grey_XL,19,132,10,4.31,25.56,25.08
2024-08-15,Tshirt_Black_S,10,164,3,3.68,49.15,48.82
2024-08-15,Tshirt_White_M,10,120,3,3.54,27.69,26.44
2024-08-15,Jeans_Blue_32,14,118,5,4.57,29.88,30.09
2024-08-15,Jacket_Red_L,19,106,3,4.42,46.86,45.13
2024-08-15,Hoodie_Grey_XL,23,243,3,3.34,33.71,34.6
2024-08-16,Tshirt_Black_S,20,144,5,4.38,47,46.57
2024-08-16,Tshirt_White_M,21,53,3,3.43,17.51,17
2024-08-16,Jeans_Blue_32,16,250,3,3.78,16.13,16.29
2024-08-16,Jacket_Red_L,10,70,7,3.42,31.89,30.83
2024-08-16,Hoodie_Grey_XL,22,96,7,4.22,19.96,19.93
2024-08-17,Tshirt_Black_S,21,105,10,3.97,32.88,31.55
2024-08-17,Tshirt_White_M,16,151,5,4.04,24.83,24.21
2024-08-17,Jeans_Blue_32,20,246,7,3.33,41.07,39.15
2024-08-17,Jacket_Red_L,15,55,5,3.81,36.71,36.02
2024-08-17,Hoodie_Grey_XL,17,109,7,3.55,41.58,42.23
2024-08-18,Tshirt_Black_S,21,146,10,4.54,23.51,22.6
2024-08-18,Tshirt_White_M,22,205,10,4.94,15.7,15.65
2024-08-18,Jeans_Blue_32,11,152,5,3.3,43.91,43.77
2024-08-18,Jacket_Red_L,16,69,10,3.3,17,16.41
2024-08-18,Hoodie_Grey_XL,17,95,7,4.38,41.56,41.87
2024-08-19,Tshirt_Black_S,26,124,7,4.69,19.25,18.88
2024-08-19,Tshirt_White_M,25,273,3,4.52,34.3,35.37
2024-08-19,Jeans_Blue_32,24,213,5,3.5,23.02,22.04
2024-08-19,Jacket_Red_L,15,258,7,4.77,37.76,39.63
2024-08-19,Hoodie_Grey_XL,13,65,3,3.62,37.62,36.98
2024-08-20,Tshirt_Black_S,14,97,5,3.75,41.71,43.22
2024-08-20,Tshirt_White_M,24,239,10,4.71,49.46,47.51
2024-08-20,Jeans_Blue_32,12,177,10,3.73,15.1,15.04
2024-08-20,Jacket_Red_L,28,283,7,3.75,23.49,24.07
2024-08-20,Hoodie_Grey_XL,21,61,7,3.14,37.94,38.5
2024-08-21,Tshirt_Black_S,27,285,5,3.23,41.96,41.62
2024-08-21,Tshirt_White_M,26,287,7,3.68,34.24,35.03
2024-08-21,Jeans_Blue_32,9,147,5,4.71,39.42,40.65
2024-08-21,Jacket_Red_L,15,229,3,4.57,39.3,39.48
2024-08-21,Hoodie_Grey_XL,20,86,10,3.8,47.6,49.5
2024-08-22,Tshirt_Black_S,17,197,10,3.88,46.99,48.12
2024-08-22,Tshirt_White_M,25,249,10,3.04,34.84,34.89
2024-08-22,Jeans_Blue_32,31,201,10,3.78,18.16,18.93
2024-08-22,Jacket_Red_L,27,230,3,3.68,17.73,17.99
2024-08-22,Hoodie_Grey_XL,35,62,3,4.75,29.2,29.87
2024-08-23,Tshirt_Black_S,18,291,10,4.78,34.83,36.02
2024-08-23,Tshirt_White_M,32,215,7,4.55,19.23,19.14
2024-08-23,Jeans_Blue_32,16,66,7,3.8,31.97,33.49
2024-08-23,Jacket_Red_L,19,94,3,3.25,19.26,19.22
2024-08-23,Hoodie_Grey_XL,22,291,7,3.89,20.23,19.99
2024-08-24,Tshirt_Black_S,19,170,7,3.99,18.29,18.99
2024-08-24,Tshirt_White_M,29,184,3,3.7,34.4,34.03
2024-08-24,Jeans_Blue_32,27,293,5,4.73,29.28,28.95
2024-08-24,Jacket_Red_L,22,209,10,4.78,20.1,20.49
2024-08-24,Hoodie_Grey_XL,12,55,3,4.09,28.69,29.47
2024-08-25,Tshirt_Black_S,30,141,10,3.61,22.18,21.71
2024-08-25,Tshirt_White_M,27,177,7,4.08,25.78,26.02
2024-08-25,Jeans_Blue_32,19,177,7,4.91,26.55,26.64
2024-08-25,Jacket_Red_L,11,217,7,3.76,37.88,38.63
2024-08-25,Hoodie_Grey_XL,11,224,3,3.08,24.39,24.19
2024-08-26,Tshirt_Black_S,13,129,5,3.73,41.82,41.68
2024-08-26,Tshirt_White_M,17,190,10,3.4,44.62,45.68
2024-08-26,Jeans_Blue_32,27,182,7,3.88,37.52,36.37
2024-08-26,Jacket_Red_L,27,169,10,4.75,42.32,41.56
2024-08-26,Hoodie_Grey_XL,25,53,10,3.13,16.95,17.29
2024-08-27,Tshirt_Black_S,25,83,3,3.23,23.51,23.08
2024-08-27,Tshirt_White_M,19,215,5,3.05,37.67,38.64
2024-08-27,Jeans_Blue_32,20,172,5,4.9,40.78,39
2024-08-27,Jacket_Red_L,16,113,7,4.04,39.54,38.71
2024-08-27,Hoodie_Grey_XL,13,158,10,4.38,16.82,17.29
2024-08-28,Tshirt_Black_S,17,108,5,3.39,33.76,33.96
2024-08-28,Tshirt_White_M,17,183,3,3.36,39.28,37.58
2024-08-28,Jeans_Blue_32,18,98,3,4.7,25.43,26.51
2024-08-28,Jacket_Red_L,25,190,5,3.87,28.09,29.04
2024-08-28,Hoodie_Grey_XL,15,260,5,4.53,46.65,44.55
2024-08-29,Tshirt_Black_S,18,273,7,3.62,21.37,21.31
2024-08-29,Tshirt_White_M,21,145,7,4.29,31.05,31
2024-08-29,Jeans_Blue_32,26,133,5,3.16,31.45,31.95
2024-08-29,Jacket_Red_L,20,134,5,3.12,18.3,17.86
2024-08-29,Hoodie_Grey_XL,23,102,5,3.25,38.48,37
2024-08-30,Tshirt_Black_S,20,97,7,3.5,30.08,30.53
2024-08-30,Tshirt_White_M,22,85,5,3.11,18.37,17.66
2024-08-30,Jeans_Blue_32,29,152,5,3.57,44.09,42.23
2024-08-30,Jacket_Red_L,14,178,7,3.34,46.79,46.05
2024-08-30,Hoodie_Grey_XL,20,77,3,4.66,46.72,47.01
2024-08-31,Tshirt_Black_S,15,168,5,4.61,32.77,32.53
2024-08-31,Tshirt_White_M,26,202,7,3.78,43.41,42.73
2024-08-31,Jeans_Blue_32,18,233,5,4.63,39.42,39.13
2024-08-31,Jacket_Red_L,17,109,5,4.8,49.27,48.8
2024-08-31,Hoodie_Grey_XL,19,133,7,3.63,45.77,47.1
2024-09-01,Tshirt_Black_S,22,300,7,3.67,16.77,16.2
2024-09-01,Tshirt_White_M,34,273,10,3.32,15.06,15.8
2024-09-01,Jeans_Blue_32,20,132,5,3.8,40.88,42.85
2024-09-01,Jacket_Red_L,22,174,10,4,46.35,45.43
2024-09-01,Hoodie_Grey_XL,17,98,3,4.49,17.91,17.62
2024-09-02,Tshirt_Black_S,30,246,10,3.41,23.88,24.03
2024-09-02,Tshirt_White_M,27,277,7,3.19,24.11,22.94
2024-09-02,Jeans_Blue_32,16,96,10,3.03,21.26,20.54
2024-09-02,Jacket_Red_L,19,196,3,4.25,25.69,26.93
2024-09-02,Hoodie_Grey_XL,14,215,5,4.45,40.81,41.33
2024-09-03,Tshirt_Black_S,26,148,3,4.97,17.2,17.45
2024-09-03,Tshirt_White_M,24,127,10,4.76,46.36,46.42
2024-09-03,Jeans_Blue_32,18,265,3,4.25,18.62,18
2024-09-03,Jacket_Red_L,22,167,10,3.26,17.28,17.13
2024-09-03,Hoodie_Grey_XL,19,271,10,4.12,31.75,30.75
2024-09-04,Tshirt_Black_S,18,57,5,3.79,32.35,31.9
2024-09-04,Tshirt_White_M,24,134,3,3.99,40.56,39.07
2024-09-04,Jeans_Blue_32,15,145,10,3.56,38.29,39.33
2024-09-04,Jacket_Red_L,20,264,5,4.7,30.32,30.74
2024-09-04,Hoodie_Grey_XL,16,224,5,4.2,46.56,48.33
2024-09-05,Tshirt_Black_S,29,300,10,4.59,20.96,19.94
2024-09-05,Tshirt_White_M,21,161,7,3.31,15.63,15.14
2024-09-05,Jeans_Blue_32,18,226,10,3.03,23.45,22.74
2024-09-05,Jacket_Red_L,17,277,3,3.56,42.17,40.4
2024-09-05,Hoodie_Grey_XL,14,173,7,4.47,23.59,23.23
2024-09-06,Tshirt_Black_S,14,227,5,3.49,16.98,16.26
2024-09-06,Tshirt_White_M,26,197,5,3.26,38.98,37.3
2024-09-06,Jeans_Blue_32,15,175,7,3.56,34.2,35.89
2024-09-06,Jacket_Red_L,15,79,5,3.04,24.59,24.14
2024-09-06,Hoodie_Grey_XL,19,136,10,4.05,26.99,27.11
2024-09-07,Tshirt_Black_S,18,147,3,3.61,47.93,49.36
2024-09-07,Tshirt_White_M,21,165,7,3.67,23.79,23.42
2024-09-07,Jeans_Blue_32,24,133,7,4.69,33.52,33.67
2024-09-07,Jacket_Red_L,26,77,5,3.94,21.44,21.35
2024-09-07,Hoodie_Grey_XL,20,77,5,3.42,19.68,20.61
2024-09-08,Tshirt_Black_S,12,267,7,4.97,49.9,50.25
2024-09-08,Tshirt_White_M,24,244,10,4.42,33.05,31.8
2024-09-08,Jeans_Blue_32,21,179,3,3.56,41.84,41.03
2024-09-08,Jacket_Red_L,17,101,7,3.39,16.15,16.77
2024-09-08,Hoodie_Grey_XL,18,189,3,3.58,25.11,24.01
2024-09-09,Tshirt_Black_S,25,140,3,4.04,18.49,18.26
2024-09-09,Tshirt_White_M,19,62,7,3.13,43.4,43.44
2024-09-09,Jeans_Blue_32,15,262,3,3.35,35.23,36.74
2024-09-09,Jacket_Red_L,20,154,7,4.46,24,24.82
2024-09-09,Hoodie_Grey_XL,25,125,3,3.79,17.49,17.91
2024-09-10,Tshirt_Black_S,15,119,10,3.46,45.9,47.88
2024-09-10,Tshirt_White_M,28,120,3,4.41,49.74,47.58
2024-09-10,Jeans_Blue_32,12,287,3,3.86,37.97,37.87
2024-09-10,Jacket_Red_L,20,53,10,3.05,45.57,46.52
2024-09-10,Hoodie_Grey_XL,22,240,5,3.32,34.26,33.38
2024-09-11,Tshirt_Black_S,16,222,3,3.36,18.71,18.77
2024-09-11,Tshirt_White_M,14,140,5,3.83,37.06,35.53
2024-09-11,Jeans_Blue_32,18,185,3,3.72,27.57,26.64
2024-09-11,Jacket_Red_L,26,300,10,4.18,30.27,30.45
2024-09-11,Hoodie_Grey_XL,24,160,3,4.24,47.91,46.04
2024-09-12,Tshirt_Black_S,12,226,7,4.47,39.87,40.81
2024-09-12,Tshirt_White_M,29,236,5,3.92,40.28,41.06
2024-09-12,Jeans_Blue_32,18,231,10,4.18,46.6,45.5
2024-09-12,Jacket_Red_L,22,157,7,3.67,30.66,30.86
2024-09-12,Hoodie_Grey_XL,22,170,3,3.72,25.61,25.72
2024-09-13,Tshirt_Black_S,22,63,5,3.39,48.95,48.83
2024-09-13,Tshirt_White_M,16,262,10,3.01,26.42,25.94
2024-09-13,Jeans_Blue_32,20,190,5,3.85,15.69,15.73
2024-09-13,Jacket_Red_L,23,194,5,4.62,41.3,39.6
2024-09-13,Hoodie_Grey_XL,22,154,10,3.9,18.08,17.41
2024-09-14,Tshirt_Black_S,28,158,10,4.97,42.79,43.31
2024-09-14,Tshirt_White_M,16,68,3,4.48,48.01,46.76
2024-09-14,Jeans_Blue_32,15,53,5,4.71,27.96,27.44
2024-09-14,Jacket_Red_L,22,174,7,3.17,34.86,33.61
2024-09-14,Hoodie_Grey_XL,23,281,3,4.2,21.29,20.65
2024-09-15,Tshirt_Black_S,23,298,3,4.8,34.35,35.2
2024-09-15,Tshirt_White_M,15,65,5,4.19,15.93,16
2024-09-15,Jeans_Blue_32,22,158,5,4.79,23.04,22.32
2024-09-15,Jacket_Red_L,11,77,10,3.41,33.82,34.04
2024-09-15,Hoodie_Grey_XL,18,174,10,4.9,46.79,46.48
2024-09-16,Tshirt_Black_S,11,126,7,3.67,27.92,27.33
2024-09-16,Tshirt_White_M,14,252,3,4.32,48.61,49.97
2024-09-16,Jeans_Blue_32,24,58,10,3.82,34.06,34.25
2024-09-16,Jacket_Red_L,13,61,3,3.9,17.89,17.96
2024-09-16,Hoodie_Grey_XL,4,79,5,4.43,36.51,36.85
2024-09-17,Tshirt_Black_S,21,73,3,4.98,47.79,49.2
2024-09-17,Tshirt_White_M,10,261,5,3.9,36.88,37.41
2024-09-17,Jeans_Blue_32,12,50,5,4.74,41.27,43.2
2024-09-17,Jacket_Red_L,15,296,7,3.93,39.86,39.05
2024-09-17,Hoodie_Grey_XL,13,74,10,3.66,41.38,41.94
2024-09-18,Tshirt_Black_S,21,94,5,3.63,48.35,46.15
2024-09-18,Tshirt_White_M,17,143,10,3.17,31.84,32.21
2024-09-18,Jeans_Blue_32,15,190,5,3.48,39.17,38.56
2024-09-18,Jacket_Red_L,21,211,10,4.09,17.3,18.14
2024-09-18,Hoodie_Grey_XL,11,198,7,3.14,46.56,45.48
2024-09-19,Tshirt_Black_S,30,199,10,3.49,18.48,18.14
2024-09-19,Tshirt_White_M,28,269,10,4.7,22.12,22.86
2024-09-19,Jeans_Blue_32,17,247,5,4.37,38.72,37.84
2024-09-19,Jacket_Red_L,23,272,3,3.54,17.56,17.81
2024-09-19,Hoodie_Grey_XL,20,56,10,4.33,47.19,49.54
2024-09-20,Tshirt_Black_S,22,196,3,4.26,49.5,47.17
2024-09-20,Tshirt_White_M,13,294,5,4.62,24.67,24.96
2024-09-20,Jeans_Blue_32,14,235,7,4.06,35.71,34.52
2024-09-20,Jacket_Red_L,13,226,5,4.72,47.54,45.77
2024-09-20,Hoodie_Grey_XL,20,145,7,3.31,49.39,47.01
2024-09-21,Tshirt_Black_S,15,163,7,3.74,34.47,34.3
2024-09-21,Tshirt_White_M,8,276,5,3.42,17.03,17.31
2024-09-21,Jeans_Blue_32,14,52,5,3.89,47.78,45.85
2024-09-21,Jacket_Red_L,24,205,5,4.55,25.65,25.18
2024-09-21,Hoodie_Grey_XL,13,89,5,4.06,25.73,26.75
2024-09-22,Tshirt_Black_S,22,255,5,3.79,48.4,47.74
2024-09-22,Tshirt_White_M,17,177,5,3.05,38.74,39.55
2024-09-22,Jeans_Blue_32,12,294,10,4.12,28.19,27.07
2024-09-22,Jacket_Red_L,23,154,3,4.53,23.93,25.04
2024-09-22,Hoodie_Grey_XL,14,261,5,4.54,42.4,43.27
2024-09-23,Tshirt_Black_S,28,171,3,4.92,43.01,43.01
2024-09-23,Tshirt_White_M,20,268,7,3.6,30.15,30.89
2024-09-23,Jeans_Blue_32,19,287,10,3.07,35.39,34.81
2024-09-23,Jacket_Red_L,23,185,5,3.43,47.14,47.2
2024-09-23,Hoodie_Grey_XL,21,129,7,3.64,28.51,29.9
2024-09-24,Tshirt_Black_S,22,119,3,4.3,45.11,44.39
2024-09-24,Tshirt_White_M,16,279,7,3.21,22.51,22.33
2024-09-24,Jeans_Blue_32,21,107,5,4.33,39.42,41.33
2024-09-24,Jacket_Red_L,25,162,3,4.63,22.32,22.47
2024-09-24,Hoodie_Grey_XL,12,217,3,4.11,47.75,49.34
2024-09-25,Tshirt_Black_S,18,132,5,4.44,15.48,14.94
2024-09-25,Tshirt_White_M,7,122,5,3.12,41.26,41.27
2024-09-25,Jeans_Blue_32,21,287,5,4.4,25.74,25.82
2024-09-25,Jacket_Red_L,13,249,10,3.63,34.44,35.78
2024-09-25,Hoodie_Grey_XL,20,148,5,3.87,44.58,45.33
2024-09-26,Tshirt_Black_S,19,272,3,4.78,36.48,36.32
2024-09-26,Tshirt_White_M,22,124,3,4.08,25.07,25.68
2024-09-26,Jeans_Blue_32,27,230,7,4.1,33.99,33.32
2024-09-26,Jacket_Red_L,15,154,3,4.29,30.35,30.05
2024-09-26,Hoodie_Grey_XL,18,139,10,3.92,17.97,18.02
2024-09-27,Tshirt_Black_S,20,229,7,3.39,16.14,15.47
2024-09-27,Tshirt_White_M,11,54,5,3.86,49.82,50.18
2024-09-27,Jeans_Blue_32,22,164,5,3.98,28.37,27.52
2024-09-27,Jacket_Red_L,26,181,10,3.38,39.14,38.09
2024-09-27,Hoodie_Grey_XL,20,93,10,4.6,49.89,51.95
2024-09-28,Tshirt_Black_S,27,218,10,4.01,21.65,21.21
2024-09-28,Tshirt_White_M,23,281,7,4.48,22.76,22.23
2024-09-28,Jeans_Blue_32,18,169,7,4.37,40.82,42.13
2024-09-28,Jacket_Red_L,22,91,7,3.19,30.42,31.91
2024-09-28,Hoodie_Grey_XL,20,282,10,4.29,39.37,39.48
2024-09-29,Tshirt_Black_S,20,210,7,4.58,31.43,32.91
2024-09-29,Tshirt_White_M,21,175,3,3.51,48.48,48.22
2024-09-29,Jeans_Blue_32,31,247,5,4.45,26.09,25.16
2024-09-29,Jacket_Red_L,13,227,7,3.83,18.52,18.21
2024-09-29,Hoodie_Grey_XL,12,184,10,4.69,16.64,16.44
2024-09-30,Tshirt_Black_S,20,131,3,4.11,41.67,42.02
2024-09-30,Tshirt_White_M,8,54,10,3.02,39.53,39.06
2024-09-30,Jeans_Blue_32,16,127,5,3.67,20.91,20.74
2024-09-30,Jacket_Red_L,20,198,3,4.05,34.29,32.61
2024-09-30,Hoodie_Grey_XL,15,53,10,4.88,27.66,28.16
2024-10-01,Tshirt_Black_S,44,131,5,4.56,17.97,18.37
2024-10-01,Tshirt_White_M,37,86,10,3.2,30.18,29.73
2024-10-01,Jeans_Blue_32,47,194,5,3.54,42.99,44.29
2024-10-01,Jacket_Red_L,34,190,7,4.54,47.81,49.38
2024-10-01,Hoodie_Grey_XL,33,107,7,4.3,47.55,48.67
2024-10-02,Tshirt_Black_S,26,179,10,3.24,38.78,40.39
2024-10-02,Tshirt_White_M,43,191,5,3.7,17.97,17.57
2024-10-02,Jeans_Blue_32,19,298,5,3.55,31.22,30.71
2024-10-02,Jacket_Red_L,25,211,5,3.85,15.08,15.78
2024-10-02,Hoodie_Grey_XL,35,262,3,4,35.19,36.16
2024-10-03,Tshirt_Black_S,29,290,10,4.04,26.45,26.1
2024-10-03,Tshirt_White_M,28,173,3,3.29,42.9,41.8
2024-10-03,Jeans_Blue_32,25,277,7,4.21,47.53,45.73
2024-10-03,Jacket_Red_L,21,132,7,3.24,30.12,29.25
2024-10-03,Hoodie_Grey_XL,26,113,7,4.87,27.09,27.5
2024-10-04,Tshirt_Black_S,33,229,10,4.89,38.83,40.28
2024-10-04,Tshirt_White_M,29,93,3,3.21,19.31,19.6
2024-10-04,Jeans_Blue_32,45,282,5,4.37,44.6,43.23
2024-10-04,Jacket_Red_L,18,246,5,3.68,45.2,46.12
2024-10-04,Hoodie_Grey_XL,25,297,10,4.96,25.31,25.04
2024-10-05,Tshirt_Black_S,20,67,7,3.26,22.29,22.29
2024-10-05,Tshirt_White_M,22,265,10,3.24,38.48,39.05
2024-10-05,Jeans_Blue_32,22,283,5,3.31,23.32,22.52
2024-10-05,Jacket_Red_L,36,179,5,4.51,23.09,22.38
2024-10-05,Hoodie_Grey_XL,36,60,5,4.41,18.45,19.11
2024-10-06,Tshirt_Black_S,32,288,10,3.16,32.49,34
2024-10-06,Tshirt_White_M,35,94,5,3.82,32.92,31.84
2024-10-06,Jeans_Blue_32,44,266,7,4.57,38.16,36.62
2024-10-06,Jacket_Red_L,39,189,5,4.4,36.52,37.75
2024-10-06,Hoodie_Grey_XL,40,250,5,4.76,38.4,38.48
2024-10-07,Tshirt_Black_S,25,259,10,3.92,32.05,32.27
2024-10-07,Tshirt_White_M,20,110,7,3.57,22.44,21.97
2024-10-07,Jeans_Blue_32,24,277,10,3.36,33.26,32.89
2024-10-07,Jacket_Red_L,44,138,3,3.62,47.85,46.56
2024-10-07,Hoodie_Grey_XL,23,232,3,4.8,41.48,42.78
2024-10-08,Tshirt_Black_S,25,249,3,4.56,33.73,33.12
2024-10-08,Tshirt_White_M,19,215,5,4.6,18.36,18.96
2024-10-08,Jeans_Blue_32,42,188,10,3.57,18.75,18.57
2024-10-08,Jacket_Red_L,26,252,7,4.62,38.38,40.14
2024-10-08,Hoodie_Grey_XL,28,139,10,4.22,44.32,42.76
2024-10-09,Tshirt_Black_S,13,54,3,4.89,32.59,31.34
2024-10-09,Tshirt_White_M,31,202,3,4.59,21.89,22.04
2024-10-09,Jeans_Blue_32,40,283,5,3.67,22.91,22.97
2024-10-09,Jacket_Red_L,37,249,3,3.68,17.46,18.19
2024-10-09,Hoodie_Grey_XL,23,84,3,3.06,37.13,38.63
2024-10-10,Tshirt_Black_S,22,232,7,4.99,38.26,38.35
2024-10-10,Tshirt_White_M,32,238,5,3.37,40.24,39.44
2024-10-10,Jeans_Blue_32,21,95,5,4.33,44.66,46.66
2024-10-10,Jacket_Red_L,37,293,5,4.91,43.1,41.57
2024-10-10,Hoodie_Grey_XL,22,172,7,3.5,19.69,19.57
2024-10-11,Tshirt_Black_S,21,130,5,4.3,26.99,26.29
2024-10-11,Tshirt_White_M,22,229,10,3.44,20,19.55
2024-10-11,Jeans_Blue_32,39,108,3,4.46,46.06,45.17
2024-10-11,Jacket_Red_L,23,267,7,3.99,33.03,32.25
2024-10-11,Hoodie_Grey_XL,21,139,3,4.59,18.78,19.11
2024-10-12,Tshirt_Black_S,42,300,5,3.99,27.11,27.56
2024-10-12,Tshirt_White_M,32,283,5,4.78,23.38,23.93
2024-10-12,Jeans_Blue_32,32,151,3,4.79,22.2,22.05
2024-10-12,Jacket_Red_L,28,231,10,3.42,29.4,29.19
2024-10-12,Hoodie_Grey_XL,13,72,5,4.32,18.98,19.29
2024-10-13,Tshirt_Black_S,33,80,5,3.92,24.41,24.11
2024-10-13,Tshirt_White_M,39,216,3,3.19,29.62,29.03
2024-10-13,Jeans_Blue_32,26,142,10,4.24,42.46,41.69
2024-10-13,Jacket_Red_L,21,232,3,4.95,33.96,35.64
2024-10-13,Hoodie_Grey_XL,15,191,7,3.6,28.83,29.76
2024-10-14,Tshirt_Black_S,21,89,5,4.56,40.32,38.82
2024-10-14,Tshirt_White_M,20,141,3,4.46,29.8,30.17
2024-10-14,Jeans_Blue_32,33,113,7,3.48,45.75,44.16
2024-10-14,Jacket_Red_L,32,143,7,4.92,48.85,47.18
2024-10-14,Hoodie_Grey_XL,38,80,10,4.13,34.1,34.78
2024-10-15,Tshirt_Black_S,24,155,7,3.4,47.01,45.18
2024-10-15,Tshirt_White_M,35,80,10,3.8,25.4,26.5
2024-10-15,Jeans_Blue_32,14,177,7,3.13,31.54,32.76
2024-10-15,Jacket_Red_L,23,244,5,4.47,37.62,38.15
2024-10-15,Hoodie_Grey_XL,25,176,10,4.75,24.56,24.12
2024-10-16,Tshirt_Black_S,36,268,7,4.62,21.95,20.95
2024-10-16,Tshirt_White_M,18,298,5,3.42,27.4,27.37
2024-10-16,Jeans_Blue_32,27,153,3,4.3,40.42,41.81
2024-10-16,Jacket_Red_L,38,70,3,4.97,20.71,21.61
2024-10-16,Hoodie_Grey_XL,38,169,10,4.89,42.62,42.43
2024-10-17,Tshirt_Black_S,28,248,10,4.55,34.75,36.27
2024-10-17,Tshirt_White_M,38,224,7,4.74,16.25,16.62
2024-10-17,Jeans_Blue_32,24,145,3,4.21,33.57,32.41
2024-10-17,Jacket_Red_L,24,131,5,3.07,45.19,45.26
2024-10-17,Hoodie_Grey_XL,30,196,5,3.19,23.53,23.18
2024-10-18,Tshirt_Black_S,47,109,3,3.46,37.16,38.16
2024-10-18,Tshirt_White_M,39,173,5,4.85,31.82,30.4
2024-10-18,Jeans_Blue_32,36,143,5,4.25,36.82,37.94
2024-10-18,Jacket_Red_L,23,172,3,3.1,45.14,45.79
2024-10-18,Hoodie_Grey_XL,41,187,10,3.01,44.08,42.83
2024-10-19,Tshirt_Black_S,27,93,7,4.03,18.34,17.7
2024-10-19,Tshirt_White_M,35,209,3,4.07,20.96,21.05
2024-10-19,Jeans_Blue_32,24,61,10,3.84,32.76,34.28
2024-10-19,Jacket_Red_L,34,140,7,3.35,27.45,26.44
2024-10-19,Hoodie_Grey_XL,33,189,5,3.93,23.03,23.17
2024-10-20,Tshirt_Black_S,35,249,7,4.19,46.27,48.43
2024-10-20,Tshirt_White_M,37,131,5,4.54,39.89,38.16
2024-10-20,Jeans_Blue_32,23,66,7,3.81,26.44,26.28
2024-10-20,Jacket_Red_L,33,225,5,3.79,33.35,33.17
2024-10-20,Hoodie_Grey_XL,23,70,3,4.66,31.23,31.75
2024-10-21,Tshirt_Black_S,41,287,10,4.01,40.41,41.02
2024-10-21,Tshirt_White_M,29,296,10,3.44,44.76,45.32
2024-10-21,Jeans_Blue_32,18,63,3,4.43,43.88,42.49
2024-10-21,Jacket_Red_L,43,254,7,3.39,49.02,47.33
2024-10-21,Hoodie_Grey_XL,34,143,10,3.71,40.72,42.15
2024-10-22,Tshirt_Black_S,33,271,7,3.24,19.07,18.68
2024-10-22,Tshirt_White_M,28,72,5,3.7,36.17,37.48
2024-10-22,Jeans_Blue_32,18,288,5,3.57,33.6,32.66
2024-10-22,Jacket_Red_L,27,251,5,3.83,43.58,45.48
2024-10-22,Hoodie_Grey_XL,32,98,10,3.59,44.07,45.23
2024-10-23,Tshirt_Black_S,38,83,5,3.05,15.44,15.98
2024-10-23,Tshirt_White_M,31,81,5,3.49,17.04,17.07
2024-10-23,Jeans_Blue_32,30,81,7,4.3,27.78,28.04
2024-10-23,Jacket_Red_L,29,179,5,3.58,30.93,31.91
2024-10-23,Hoodie_Grey_XL,37,95,5,3.19,27.38,28.08
2024-10-24,Tshirt_Black_S,43,219,3,4.6,18.21,17.45
2024-10-24,Tshirt_White_M,24,188,10,3.39,18.9,19.72
2024-10-24,Jeans_Blue_32,30,134,3,4.69,23.62,24.66
2024-10-24,Jacket_Red_L,36,170,10,3.07,19.69,20.22
2024-10-24,Hoodie_Grey_XL,43,195,5,3.09,47.12,48.35
2024-10-25,Tshirt_Black_S,44,112,10,4.69,28.97,28.02
2024-10-25,Tshirt_White_M,20,231,3,4.76,32.35,32.22
2024-10-25,Jeans_Blue_32,32,250,7,4.39,43.11,41.16
2024-10-25,Jacket_Red_L,19,185,5,4.09,34.64,33.29
2024-10-25,Hoodie_Grey_XL,44,227,5,3.94,35.47,35.56
2024-10-26,Tshirt_Black_S,32,77,5,4.76,30.43,30.37
2024-10-26,Tshirt_White_M,41,287,5,4.74,44.47,43.44
2024-10-26,Jeans_Blue_32,26,233,5,4.56,34.69,35.49
2024-10-26,Jacket_Red_L,25,160,10,3.5,39.19,37.4
2024-10-26,Hoodie_Grey_XL,36,64,10,3.42,17.77,18.45
2024-10-27,Tshirt_Black_S,41,298,5,4.17,37.59,37.23
2024-10-27,Tshirt_White_M,18,223,3,3.65,47.76,46.49
2024-10-27,Jeans_Blue_32,39,141,7,3.66,48.44,46.81
2024-10-27,Jacket_Red_L,30,266,5,4.75,46.92,44.67
2024-10-27,Hoodie_Grey_XL,14,258,3,3.91,28.97,29.98
2024-10-28,Tshirt_Black_S,40,185,7,3.94,43.98,45.7
2024-10-28,Tshirt_White_M,39,247,7,4.2,25.97,25.97
2024-10-28,Jeans_Blue_32,33,266,5,3.35,18.02,18.17
2024-10-28,Jacket_Red_L,27,165,5,4.28,30.55,31
2024-10-28,Hoodie_Grey_XL,22,108,3,4.69,27.33,27.38
2024-10-29,Tshirt_Black_S,31,270,10,3.59,20.73,21.14
2024-10-29,Tshirt_White_M,18,299,7,4.67,20.09,20.9
2024-10-29,Jeans_Blue_32,43,206,7,4.61,44,45.38
2024-10-29,Jacket_Red_L,23,138,5,3.02,32.26,32.4
2024-10-29,Hoodie_Grey_XL,17,177,5,3.23,17.95,17.75
2024-10-30,Tshirt_Black_S,34,82,5,4.97,47.01,46.41
2024-10-30,Tshirt_White_M,39,142,5,4.93,48.55,49.38
2024-10-30,Jeans_Blue_32,30,236,3,3.56,41.03,42.16
2024-10-30,Jacket_Red_L,35,139,10,4.61,18.49,17.94
2024-10-30,Hoodie_Grey_XL,25,264,5,4.8,15.75,15.27
2024-10-31,Tshirt_Black_S,34,128,3,4.8,25.67,25.54
2024-10-31,Tshirt_White_M,40,140,7,3.41,17.93,17.78
2024-10-31,Jeans_Blue_32,33,212,7,4.04,48.09,48.4
2024-10-31,Jacket_Red_L,31,186,5,4.09,47.41,46.5
2024-10-31,Hoodie_Grey_XL,22,294,10,3.44,34.55,33.26
2024-11-01,Tshirt_Black_S,35,172,10,3.91,47.24,45.9
2024-11-01,Tshirt_White_M,37,105,5,4.84,37.63,36.12
2024-11-01,Jeans_Blue_32,28,109,3,3.1,41.89,40.63
2024-11-01,Jacket_Red_L,29,54,7,3.69,32.18,31.46
2024-11-01,Hoodie_Grey_XL,46,79,3,3.79,30.56,31.49
2024-11-02,Tshirt_Black_S,21,221,7,4.46,30.48,30.35
2024-11-02,Tshirt_White_M,30,137,3,3.66,49.01,47.72
2024-11-02,Jeans_Blue_32,35,294,3,3.81,30.07,31.17
2024-11-02,Jacket_Red_L,53,288,10,4.98,20.08,20.23
2024-11-02,Hoodie_Grey_XL,27,163,7,4.62,41.14,43.07
2024-11-03,Tshirt_Black_S,29,130,5,3.52,30.66,30.73
2024-11-03,Tshirt_White_M,34,270,10,3.88,28.5,28.61
2024-11-03,Jeans_Blue_32,29,261,3,4.2,20.28,19.65
2024-11-03,Jacket_Red_L,21,118,5,3.34,36.98,35.38
2024-11-03,Hoodie_Grey_XL,39,108,3,3.52,45.09,45.54
2024-11-04,Tshirt_Black_S,34,216,3,4.88,30.75,32.13
2024-11-04,Tshirt_White_M,19,280,7,4.52,16.45,17.08
2024-11-04,Jeans_Blue_32,22,56,10,3.1,46.12,44.91
2024-11-04,Jacket_Red_L,42,146,10,3.38,39.47,40.76
2024-11-04,Hoodie_Grey_XL,48,68,5,3.92,43.04,43.02
2024-11-05,Tshirt_Black_S,29,173,3,3.66,31.45,30.89
2024-11-05,Tshirt_White_M,39,137,10,4.5,47.74,46.61
2024-11-05,Jeans_Blue_32,20,212,3,4.65,33.35,31.69
2024-11-05,Jacket_Red_L,30,178,5,4.96,44.24,45.41
2024-11-05,Hoodie_Grey_XL,63,246,10,4.79,32.86,34.02
2024-11-06,Tshirt_Black_S,32,117,3,3.37,33.61,33.67
2024-11-06,Tshirt_White_M,26,55,7,4.07,38.15,39.24
2024-11-06,Jeans_Blue_32,30,135,7,4.47,36.62,35.32
2024-11-06,Jacket_Red_L,27,78,5,4.78,38.49,40.39
2024-11-06,Hoodie_Grey_XL,21,102,5,3.57,40.84,41.73
2024-11-07,Tshirt_Black_S,43,242,3,4.15,47.46,48.42
2024-11-07,Tshirt_White_M,16,288,7,4.55,27.37,26.44
2024-11-07,Jeans_Blue_32,34,192,3,3.44,18.38,19.2
2024-11-07,Jacket_Red_L,29,207,10,3.61,33.79,33.35
2024-11-07,Hoodie_Grey_XL,45,74,7,3.57,45.52,44.75
2024-11-08,Tshirt_Black_S,36,200,7,3.75,26.31,27.6
2024-11-08,Tshirt_White_M,38,187,3,3.73,40.68,39.26
2024-11-08,Jeans_Blue_32,30,78,7,3.29,16.55,16.22
2024-11-08,Jacket_Red_L,37,110,5,4.75,22.92,23.66
2024-11-08,Hoodie_Grey_XL,27,53,7,3.26,41.42,39.84
2024-11-09,Tshirt_Black_S,29,209,7,3.22,29.81,28.53
2024-11-09,Tshirt_White_M,48,58,5,4.42,33.56,32.98
2024-11-09,Jeans_Blue_32,44,127,5,3.44,45.83,44.08
2024-11-09,Jacket_Red_L,34,143,10,3.22,24.57,24.78
2024-11-09,Hoodie_Grey_XL,35,115,5,3.17,48.52,48.21
2024-11-10,Tshirt_Black_S,29,279,5,4.72,33.62,34.4
2024-11-10,Tshirt_White_M,28,174,5,3.34,45.8,45.11
2024-11-10,Jeans_Blue_32,38,62,3,3.03,44.45,45.46
2024-11-10,Jacket_Red_L,34,221,7,3.57,33.52,35.02
2024-11-10,Hoodie_Grey_XL,35,232,3,4.91,17.18,17
2024-11-11,Tshirt_Black_S,44,166,5,4.72,28.55,27.37
2024-11-11,Tshirt_White_M,34,129,5,4.77,47.8,49.37
2024-11-11,Jeans_Blue_32,21,226,3,4.1,32.21,31.42
2024-11-11,Jacket_Red_L,32,58,10,3.35,27.89,27.21
2024-11-11,Hoodie_Grey_XL,31,82,3,4.65,39.2,38.99
2024-11-12,Tshirt_Black_S,19,234,7,4.53,28.53,28.79
2024-11-12,Tshirt_White_M,41,101,7,4.88,48.1,46.45
2024-11-12,Jeans_Blue_32,40,68,10,3.73,17.3,17.58
2024-11-12,Jacket_Red_L,33,299,10,3.76,29.65,29.38
2024-11-12,Hoodie_Grey_XL,11,255,7,3.55,43.19,44.06
2024-11-13,Tshirt_Black_S,24,289,5,3.32,34.49,33.11
2024-11-13,Tshirt_White_M,21,111,7,3.26,47.61,48.94
2024-11-13,Jeans_Blue_32,26,202,10,4.33,19.74,20.53
2024-11-13,Jacket_Red_L,31,53,3,3.17,47.78,49.03
2024-11-13,Hoodie_Grey_XL,31,67,3,4.67,26.41,25.99
2024-11-14,Tshirt_Black_S,38,244,5,3.69,28.35,28.98
2024-11-14,Tshirt_White_M,55,192,3,4.6,46.41,45.78
2024-11-14,Jeans_Blue_32,36,213,5,4.42,43.02,42.24
2024-11-14,Jacket_Red_L,49,300,5,3.28,20.96,21.69
2024-11-14,Hoodie_Grey_XL,25,75,7,3.07,37.26,36.15
2024-11-15,Tshirt_Black_S,24,67,3,3.29,34.66,34.08
2024-11-15,Tshirt_White_M,35,118,10,4.34,42.23,42.53
2024-11-15,Jeans_Blue_32,38,107,5,3.49,45,43
2024-11-15,Jacket_Red_L,30,145,5,3.91,44.28,46.19
2024-11-15,Hoodie_Grey_XL,35,153,5,3.45,47.12,47.99
2024-11-16,Tshirt_Black_S,43,115,10,4.51,24.11,23.68
2024-11-16,Tshirt_White_M,27,278,10,3.97,32.97,34.61
2024-11-16,Jeans_Blue_32,32,246,7,3.45,46.62,45.89
2024-11-16,Jacket_Red_L,26,234,5,4.91,27.18,27.68
2024-11-16,Hoodie_Grey_XL,48,182,7,4.01,16.18,16.94
2024-11-17,Tshirt_Black_S,17,207,7,3.04,18.12,18.89
2024-11-17,Tshirt_White_M,33,128,10,3.22,37.61,39.37
2024-11-17,Jeans_Blue_32,37,230,10,4.22,45.55,46.35
2024-11-17,Jacket_Red_L,28,274,10,3.74,18.89,18.3
2024-11-17,Hoodie_Grey_XL,24,298,3,3.25,33.04,33.1
2024-11-18,Tshirt_Black_S,25,244,7,4.8,36.65,36.24
2024-11-18,Tshirt_White_M,29,242,7,3.96,47.78,45.42
2024-11-18,Jeans_Blue_32,23,64,10,3.17,21.87,21.59
2024-11-18,Jacket_Red_L,29,212,10,4.81,43.17,42.1
2024-11-18,Hoodie_Grey_XL,30,251,7,3.54,16.67,16.2
2024-11-19,Tshirt_Black_S,31,59,3,3.96,28.53,27.71
2024-11-19,Tshirt_White_M,40,143,3,3.55,26.62,27.26
2024-11-19,Jeans_Blue_32,27,78,10,4.36,32.87,32.02
2024-11-19,Jacket_Red_L,36,186,3,3.67,15.52,15.39
2024-11-19,Hoodie_Grey_XL,46,108,3,3.1,37.27,37.69
2024-11-20,Tshirt_Black_S,39,187,10,4.53,15.82,15.05
2024-11-20,Tshirt_White_M,19,226,5,4.73,34.13,35.7
2024-11-20,Jeans_Blue_32,42,172,3,4.55,28.36,27.81
2024-11-20,Jacket_Red_L,43,163,3,3.5,42.78,44.37
2024-11-20,Hoodie_Grey_XL,39,244,10,4.96,43.01,41.43
2024-11-21,Tshirt_Black_S,34,193,10,3.51,35.06,35.98
2024-11-21,Tshirt_White_M,40,174,7,3.34,49.23,47.88
2024-11-21,Jeans_Blue_32,44,108,7,4.09,23.27,24.07
2024-11-21,Jacket_Red_L,38,167,5,3.34,15.59,16.23
2024-11-21,Hoodie_Grey_XL,29,82,3,3.24,35.61,37.32
2024-11-22,Tshirt_Black_S,19,250,5,3.33,15.93,15.99
2024-11-22,Tshirt_White_M,33,292,5,3.51,47.77,48.93
2024-11-22,Jeans_Blue_32,36,123,7,4.32,31.72,31.37
2024-11-22,Jacket_Red_L,45,140,3,3.55,23.26,24.16
2024-11-22,Hoodie_Grey_XL,35,210,3,4.78,34.87,35.62
2024-11-23,Tshirt_Black_S,32,211,10,4.79,35.18,36.59
2024-11-23,Tshirt_White_M,32,146,3,4.06,44.71,42.9
2024-11-23,Jeans_Blue_32,15,180,7,4.41,19.35,18.49
2024-11-23,Jacket_Red_L,32,66,10,4.3,34.11,33.37
2024-11-23,Hoodie_Grey_XL,22,153,10,3.49,49.54,48.61
2024-11-24,Tshirt_Black_S,54,203,7,3.1,24.32,25.3
2024-11-24,Tshirt_White_M,25,228,10,4.04,38.01,39.72
2024-11-24,Jeans_Blue_32,13,66,5,4.1,37.91,39.58
2024-11-24,Jacket_Red_L,29,110,10,4.86,20.73,20.88
2024-11-24,Hoodie_Grey_XL,48,207,3,3.83,25.08,26.04
2024-11-25,Tshirt_Black_S,30,116,3,3.05,32.4,33.25
2024-11-25,Tshirt_White_M,34,77,3,4.02,48.96,47.12
2024-11-25,Jeans_Blue_32,22,169,7,4.49,32.9,32.47
2024-11-25,Jacket_Red_L,35,297,3,3.32,36.67,35.96
2024-11-25,Hoodie_Grey_XL,39,125,3,4.57,47.94,49.89
2024-11-26,Tshirt_Black_S,25,203,5,4.44,48.36,50.4
2024-11-26,Tshirt_White_M,40,207,5,4.71,26.16,27.43
2024-11-26,Jeans_Blue_32,28,280,5,3.69,27.33,26.03
2024-11-26,Jacket_Red_L,23,88,7,4.52,45.46,44.48
2024-11-26,Hoodie_Grey_XL,36,208,7,4.41,36.7,34.89
2024-11-27,Tshirt_Black_S,24,277,7,3.69,40.44,41.17
2024-11-27,Tshirt_White_M,34,141,7,3.31,29.6,29.38
2024-11-27,Jeans_Blue_32,31,200,7,4.04,21.28,22.24
2024-11-27,Jacket_Red_L,45,80,3,4.37,42.06,42.62
2024-11-27,Hoodie_Grey_XL,36,216,5,3.14,46.56,47.93
2024-11-28,Tshirt_Black_S,34,74,7,4.09,22.88,23.6
2024-11-28,Tshirt_White_M,18,104,5,3.66,23.46,24.56
2024-11-28,Jeans_Blue_32,54,162,3,3.71,40.8,39.84
2024-11-28,Jacket_Red_L,33,248,7,4.78,36.2,37.31
2024-11-28,Hoodie_Grey_XL,33,59,5,3.59,40.22,39.49
2024-11-29,Tshirt_Black_S,21,193,10,4.6,49.72,48.01
2024-11-29,Tshirt_White_M,48,80,5,4.08,43.21,44.28
2024-11-29,Jeans_Blue_32,35,99,10,3.8,46.97,44.67
2024-11-29,Jacket_Red_L,39,220,3,4.54,31.84,32.02
2024-11-29,Hoodie_Grey_XL,30,299,10,4.32,43.75,42.55
2024-11-30,Tshirt_Black_S,31,85,7,4.67,35.33,35.1
2024-11-30,Tshirt_White_M,19,80,5,4.23,49.5,51.93
2024-11-30,Jeans_Blue_32,34,212,7,4.86,49.96,48.33
2024-11-30,Jacket_Red_L,34,195,7,3.64,28.24,29.11
2024-11-30,Hoodie_Grey_XL,38,68,5,4.68,38.96,39.65
2024-12-01,Tshirt_Black_S,36,190,10,3.95,15.52,15.2
2024-12-01,Tshirt_White_M,49,146,5,3.87,46.04,44.71
2024-12-01,Jeans_Blue_32,49,161,10,4.1,28.89,27.5
2024-12-01,Jacket_Red_L,32,117,7,4.69,19.96,19.31
2024-12-01,Hoodie_Grey_XL,28,104,5,4.65,28.57,29.05
2024-12-02,Tshirt_Black_S,15,71,3,4.64,47.41,48.31
2024-12-02,Tshirt_White_M,29,252,7,3.21,20.36,20.22
2024-12-02,Jeans_Blue_32,59,120,3,4.55,49.81,49.48
2024-12-02,Jacket_Red_L,30,98,7,4.32,38.75,39.59
2024-12-02,Hoodie_Grey_XL,16,123,7,3.41,38.94,39.09
2024-12-03,Tshirt_Black_S,23,107,7,4.8,21.06,21.73
2024-12-03,Tshirt_White_M,29,210,3,4.13,28.59,29.3
2024-12-03,Jeans_Blue_32,27,281,10,4.8,26.56,25.26
2024-12-03,Jacket_Red_L,30,241,5,3.48,44.89,46.24
2024-12-03,Hoodie_Grey_XL,23,118,3,4.92,42.25,41.66
2024-12-04,Tshirt_Black_S,37,182,7,3.73,15.88,15.36
2024-12-04,Tshirt_White_M,58,212,7,4.51,42.29,43.67
2024-12-04,Jeans_Blue_32,32,236,5,3.89,37.18,38.49
2024-12-04,Jacket_Red_L,37,204,7,3.5,36.18,36.93
2024-12-04,Hoodie_Grey_XL,35,86,7,4.32,32.55,33.2
2024-12-05,Tshirt_Black_S,32,63,7,4.79,47.36,49
2024-12-05,Tshirt_White_M,35,125,7,3.53,35.98,36.23
2024-12-05,Jeans_Blue_32,41,296,5,4.9,43.56,45.62
2024-12-05,Jacket_Red_L,35,105,5,4.85,25.85,26.87
2024-12-05,Hoodie_Grey_XL,31,272,5,4.63,29.95,30.92
2024-12-06,Tshirt_Black_S,36,112,7,4.78,24.45,24.27
2024-12-06,Tshirt_White_M,26,76,3,3.85,17.13,16.32
2024-12-06,Jeans_Blue_32,27,211,5,3.65,18.19,17.59
2024-12-06,Jacket_Red_L,20,270,7,3.95,17.43,16.71
2024-12-06,Hoodie_Grey_XL,37,155,10,3.18,49.79,49.55
2024-12-07,Tshirt_Black_S,35,86,3,4.98,43.5,44.81
2024-12-07,Tshirt_White_M,28,64,7,3.25,41.59,40.49
2024-12-07,Jeans_Blue_32,35,186,5,3.68,35.01,34.56
2024-12-07,Jacket_Red_L,19,271,5,4.14,43.68,42.24
2024-12-07,Hoodie_Grey_XL,21,100,10,3.29,22.01,22.99
2024-12-08,Tshirt_Black_S,25,132,5,3.43,48.74,50.7
2024-12-08,Tshirt_White_M,41,174,3,4.6,27.95,28.17
2024-12-08,Jeans_Blue_32,33,138,10,4.85,37.19,37.69
2024-12-08,Jacket_Red_L,10,220,5,3.41,47.64,46.66
2024-12-08,Hoodie_Grey_XL,60,126,3,3.69,35.95,37.24
2024-12-09,Tshirt_Black_S,26,88,7,4.67,44.64,45.9
2024-12-09,Tshirt_White_M,27,105,5,4.48,35.41,36.29
2024-12-09,Jeans_Blue_32,49,300,10,4.88,43.98,44.37
2024-12-09,Jacket_Red_L,27,172,7,4.9,27.03,26.23
2024-12-09,Hoodie_Grey_XL,34,262,10,4.69,44.63,42.86
2024-12-10,Tshirt_Black_S,42,290,3,4.19,26,26.83
2024-12-10,Tshirt_White_M,30,113,10,3.11,29.21,28.4
2024-12-10,Jeans_Blue_32,21,125,7,3.9,41.62,40.48
2024-12-10,Jacket_Red_L,45,106,5,3.34,32,31.21
2024-12-10,Hoodie_Grey_XL,34,190,7,4.54,49.75,49.19
2024-12-11,Tshirt_Black_S,30,208,5,4.65,38.65,39.74
2024-12-11,Tshirt_White_M,49,270,3,5,38.14,38.82
2024-12-11,Jeans_Blue_32,37,251,3,4.74,19.93,19.38
2024-12-11,Jacket_Red_L,27,159,10,3.34,40.31,39.89
2024-12-11,Hoodie_Grey_XL,46,97,10,4.25,43.14,41.24
2024-12-12,Tshirt_Black_S,35,222,7,4.16,16.23,15.6
2024-12-12,Tshirt_White_M,34,256,10,3.37,36.18,36.04
2024-12-12,Jeans_Blue_32,53,105,5,4.06,39.83,38.97
2024-12-12,Jacket_Red_L,33,114,3,4.77,23.42,23
2024-12-12,Hoodie_Grey_XL,36,246,5,4.21,42.83,41.68
2024-12-13,Tshirt_Black_S,49,130,3,4.81,18.84,19.69
2024-12-13,Tshirt_White_M,21,155,5,3.6,38.96,39.52
2024-12-13,Jeans_Blue_32,30,87,10,3.45,27.81,28.18
2024-12-13,Jacket_Red_L,30,57,10,3.63,19.99,20.88
2024-12-13,Hoodie_Grey_XL,28,295,10,3.42,49.7,51.8
2024-12-14,Tshirt_Black_S,41,88,3,4.26,24.12,23.16
2024-12-14,Tshirt_White_M,27,70,3,3.6,15.65,15.42
2024-12-14,Jeans_Blue_32,40,242,10,4.76,20.47,20.77
2024-12-14,Jacket_Red_L,35,60,10,4.44,27.97,29.12
2024-12-14,Hoodie_Grey_XL,33,164,7,3.28,35.03,33.92
2024-12-15,Tshirt_Black_S,25,51,10,4.73,42.33,40.94
2024-12-15,Tshirt_White_M,49,52,7,4.85,29.28,28.76
2024-12-15,Jeans_Blue_32,26,268,7,4.52,21.14,21.1
2024-12-15,Jacket_Red_L,32,213,7,4.1,17.91,18.11
2024-12-15,Hoodie_Grey_XL,37,291,7,4.09,15.37,15.17
2024-12-16,Tshirt_Black_S,27,230,10,4.83,49.93,48.13
2024-12-16,Tshirt_White_M,38,203,7,3.51,37.22,38.18
2024-12-16,Jeans_Blue_32,40,159,3,4.84,27.31,26.8
2024-12-16,Jacket_Red_L,31,135,10,3.43,29.39,30.23
2024-12-16,Hoodie_Grey_XL,6,227,7,3.36,48.3,47.22
2024-12-17,Tshirt_Black_S,36,108,5,4.78,19.71,20.4
2024-12-17,Tshirt_White_M,43,247,7,4.47,32.72,33.85
2024-12-17,Jeans_Blue_32,35,130,10,4.78,47.36,45.09
2024-12-17,Jacket_Red_L,29,206,3,4.9,30.94,31.49
2024-12-17,Hoodie_Grey_XL,46,161,7,3.43,17.59,17.49
2024-12-18,Tshirt_Black_S,18,205,3,3.25,47.78,49.64
2024-12-18,Tshirt_White_M,27,67,10,3.99,42.58,42.64
2024-12-18,Jeans_Blue_32,40,192,5,3.6,49.29,48.67
2024-12-18,Jacket_Red_L,71,265,7,4.77,37.18,35.9
2024-12-18,Hoodie_Grey_XL,23,141,10,3.48,20.99,21.78
2024-12-19,Tshirt_Black_S,18,232,7,3.97,39.8,38.26
2024-12-19,Tshirt_White_M,63,118,3,3.32,35.35,36.07
2024-12-19,Jeans_Blue_32,45,152,10,4.34,21.21,20.6
2024-12-19,Jacket_Red_L,37,271,5,4.57,47.05,49.08
2024-12-19,Hoodie_Grey_XL,26,261,5,4.26,44.02,42.13
2024-12-20,Tshirt_Black_S,31,281,5,3.97,46.1,46.6
2024-12-20,Tshirt_White_M,26,213,3,4.97,32.23,30.94
2024-12-20,Jeans_Blue_32,40,232,10,3.12,28.77,30.17
2024-12-20,Jacket_Red_L,35,298,3,4.64,35.41,36.3
2024-12-20,Hoodie_Grey_XL,33,263,3,4.55,40.3,41.81
2024-12-21,Tshirt_Black_S,35,59,7,4.75,21.66,21.49
2024-12-21,Tshirt_White_M,33,206,10,4.01,21.53,21.98
2024-12-21,Jeans_Blue_32,24,248,3,3.49,30.24,30.11
2024-12-21,Jacket_Red_L,16,57,5,4.13,39.87,40.3
2024-12-21,Hoodie_Grey_XL,34,182,7,4.15,18.87,18.56
2024-12-22,Tshirt_Black_S,42,261,5,3.29,28.03,28.96
2024-12-22,Tshirt_White_M,27,132,3,3.58,38.27,39.96
2024-12-22,Jeans_Blue_32,47,214,10,3.91,15.2,15.87
2024-12-22,Jacket_Red_L,31,120,7,3.99,36.26,36.77
2024-12-22,Hoodie_Grey_XL,17,68,7,4.04,20.63,21.17
2024-12-23,Tshirt_Black_S,41,67,3,3.75,33.13,34.32
2024-12-23,Tshirt_White_M,54,96,7,3.81,18.71,18.82
2024-12-23,Jeans_Blue_32,35,271,3,4.66,25.52,24.57
2024-12-23,Jacket_Red_L,38,143,5,4.96,36.07,37.34
2024-12-23,Hoodie_Grey_XL,56,137,3,4.51,21.54,22.09
2024-12-24,Tshirt_Black_S,18,251,5,4.32,24.36,24.64
2024-12-24,Tshirt_White_M,21,237,3,4.41,44.54,44.27
2024-12-24,Jeans_Blue_32,34,130,3,3.29,34.65,35.1
2024-12-24,Jacket_Red_L,28,169,5,4.39,17.33,18.18
2024-12-24,Hoodie_Grey_XL,34,64,5,4.42,33.44,32.56
2024-12-25,Tshirt_Black_S,23,87,10,3.06,19.27,20.2
2024-12-25,Tshirt_White_M,50,165,3,3.67,17.28,16.51
2024-12-25,Jeans_Blue_32,44,219,5,3.89,43.87,45.82
2024-12-25,Jacket_Red_L,42,206,7,4.18,36.22,34.63
2024-12-25,Hoodie_Grey_XL,31,157,10,3.42,18.48,18.28
2024-12-26,Tshirt_Black_S,30,123,5,3.05,38.79,39.84
2024-12-26,Tshirt_White_M,25,267,5,4.77,21.16,20.14
2024-12-26,Jeans_Blue_32,47,277,5,3.48,38.55,39.87
2024-12-26,Jacket_Red_L,34,90,5,4.77,41.74,42.99
2024-12-26,Hoodie_Grey_XL,33,122,5,3.94,20.52,20.95
2024-12-27,Tshirt_Black_S,37,181,3,3.54,34.71,33.37
2024-12-27,Tshirt_White_M,39,106,5,4.11,27.16,26.4
2024-12-27,Jeans_Blue_32,43,153,3,4.77,33.87,32.58
2024-12-27,Jacket_Red_L,53,166,5,4.58,44.19,44.58
2024-12-27,Hoodie_Grey_XL,42,236,7,4.04,28.02,26.75
2024-12-28,Tshirt_Black_S,44,150,10,4.75,27.94,27.82
2024-12-28,Tshirt_White_M,35,211,10,3.29,25.25,24.48
2024-12-28,Jeans_Blue_32,35,155,10,3.42,21.54,21.56
2024-12-28,Jacket_Red_L,45,214,3,4.95,49.48,48.41
2024-12-28,Hoodie_Grey_XL,44,169,7,4.71,43.55,44.07
2024-12-29,Tshirt_Black_S,49,51,3,4.98,45.21,45.72
2024-12-29,Tshirt_White_M,31,132,10,3.31,26.4,25.48
2024-12-29,Jeans_Blue_32,37,142,10,4.92,32.82,34.44
2024-12-29,Jacket_Red_L,21,60,7,4.79,46.64,45.2
2024-12-29,Hoodie_Grey_XL,54,173,3,3.21,33.64,34.78
2024-12-30,Tshirt_Black_S,39,165,3,4.68,40.97,42.72
2024-12-30,Tshirt_White_M,44,72,10,3.35,43.83,42.78
2024-12-30,Jeans_Blue_32,20,128,7,4.36,48.09,46.37
2024-12-30,Jacket_Red_L,34,200,10,3.14,43.14,43.22
2024-12-30,Hoodie_Grey_XL,30,137,10,4.16,25.52,25.67